Code,PR_Batch,EHI_number,EHI_plaintext,lib_code,in_sample_code,sample_code,ENA accession,Raw data (GB),species,Reference genome,reference_genome_flat,Reference genome species,Reference genome closeness,Number of previous preprocessings,alias_bam,alias_fastq,Autonumber1,Autonumber2,reads_pre_fastp,reads_post_fastp,bases_pre_fastp,bases_post_fastp,adapter_trimmed_reads,adapter_trimmed_bases,host_reads,metagenomic_bases,host_bases,reads_lost_fastp_percent,bases_lost_fastp_percent,bases_lost_fastp_percent_flat,adapter_percent,host_percent,host_percent_reads,singlem_fraction,average_genome_size,Indexed library molarity,Adaptor/library ratio,Index (from Sequence alias),IN Code (from Sequence alias),Volume (ul) (from Sequence alias),ENA_run_accession,ENA_sample_accession,ENA_experiment_accession,ENA_project_accession,analysis_code,project,analysis_center,analysis_date,file_name_bam,file_name_fastq1,file_name_fastq2,analysis_protocol,latitude,longitude,geocache,geographic location,Initial DNA for library (from IN Code) (from EHI_number),region,sample_type,bacterial_archaeal_bases,Assemblies,Individual assembly,Number of assemblies,Number of MAGs,kappa,C,LR,modelR,LRstar,diversity,host_duplicate_fraction,Submit_PR,nonpareil_estimated_coverage,number_bins,assembly_batches,status,host_bam_url,sex,order,class,country,Capture ID,capture_id_flat,Assembly batches,Notes,URL_meta1,URL_meta2,URL_gen,Number of assemblies (individual),Number of assemblies (coassemblies),Collaborator,Link to reference genome,analysis
PR02656,PRB0164,EHI01966,EHI01966,AJP46E1L1I1,AJP46E1L1I1,AJP46,ERR13998539,4.79,Calotriton asper,G0047,G0047,Pleurodeles waltl,Other,1,EHI01966G1,EHI01966M1,2656,02656,31917700,30501676,4787655000,4430758491,5056251,159561811,26068,4425727812,5030679,4%,7%,0.075,3%,0%,0.1%,52.92,4147477,12.62,0.08,14,AJP46E1L1I1,,ERR13998539,ERS22453903,ERX13399692,,https://github.com/earthhologenome/EHI_bioinformatics/blob/main/0_Code/1_Preprocess_QC.snakefile,Calotriton asper,EHI,2024-02-16,EHI01966_G.bam,EHI01966_M_1.fq.gz,EHI01966_M_2.fq.gz,https://github.com/earthhologenome/EHI_bioinformatics,43.14,-1.91,,"43.14,-1.91",118.3,Gipuzkoa,Faecal,2181457797.0,"EHA03353,EHA03363,EHA04485",EHA03353,3,379,0.8427,0.8552,2212838701,0.9994,11111374245,17.7582,0.02,,19.915%,379,3,Assembly + MAGs,https://sid.erda.dk/share_redirect/BaMZodj9sA/PPR/PRB0164/EHI01966_G.bam,Male,Urodela,Amphibia,Spain,SD0385301,SD0385301,"ABB0402,ABB0403,ABB0496",,https://sid.erda.dk/share_redirect/BaMZodj9sA/PPR/PRB0164/EHI01966_M_1.fq.gz,https://sid.erda.dk/share_redirect/BaMZodj9sA/PPR/PRB0164/EHI01966_M_2.fq.gz,https://sid.erda.dk/share_redirect/BaMZodj9sA/PPR/PRB0164/EHI01966_G.bam,1,2,Garazi Martin,https://ftp.ncbi.nlm.nih.gov/genomes/all/GCA/026/652/325/GCA_026652325.1_ASM2665232v1/GCA_026652325.1_ASM2665232v1_genomic.fna.gz,
PR02657,PRB0164,EHI01967,EHI01967,AJP47E1L1I1,AJP47E1L1I1,AJP47,ERR13998666,5.72,Calotriton asper,G0047,G0047,Pleurodeles waltl,Other,1,EHI01967G1,EHI01967M1,2657,02657,38143520,37181194,5721528000,5452265990,4626631,129095102,4919,5451556572,709418,3%,5%,0.047,2%,0%,0.0%,73.71,3168844,30.21,0.04,15,AJP47E1L1I1,,ERR13998666,ERS22455856,ERX13399819,,https://github.com/earthhologenome/EHI_bioinformatics/blob/main/0_Code/1_Preprocess_QC.snakefile,Calotriton asper,EHI,2024-02-16,EHI01967_G.bam,EHI01967_M_1.fq.gz,EHI01967_M_2.fq.gz,https://github.com/earthhologenome/EHI_bioinformatics,43.16,-1.91,,"43.16,-1.91",54.5,Nafarroa,Faecal,3834375599.0,"EHA03354,EHA03364,EHA04493",EHA03354,3,484,0.8686,0.8792,2725761810,0.9997,6654306130,18.6064,0.03,,40.962%,484,3,Assembly + MAGs,https://sid.erda.dk/share_redirect/BaMZodj9sA/PPR/PRB0164/EHI01967_G.bam,Male,Urodela,Amphibia,Spain,SD0384001,SD0384001,"ABB0402,ABB0403,ABB0497",,https://sid.erda.dk/share_redirect/BaMZodj9sA/PPR/PRB0164/EHI01967_M_1.fq.gz,https://sid.erda.dk/share_redirect/BaMZodj9sA/PPR/PRB0164/EHI01967_M_2.fq.gz,https://sid.erda.dk/share_redirect/BaMZodj9sA/PPR/PRB0164/EHI01967_G.bam,1,2,Garazi Martin,https://ftp.ncbi.nlm.nih.gov/genomes/all/GCA/026/652/325/GCA_026652325.1_ASM2665232v1/GCA_026652325.1_ASM2665232v1_genomic.fna.gz,
PR02658,PRB0164,EHI01968,EHI01968,AJP58E1L1I1,AJP58E1L1I1,AJP58,ERR13998538,7.24,Calotriton asper,G0047,G0047,Pleurodeles waltl,Other,1,EHI01968G1,EHI01968M1,2658,02658,48279926,47074216,7241988900,6895223059,6015145,172962132,894,6895055875,167184,2%,5%,0.048,2%,0%,0.0%,71.47,3804736,70.59,0.04,16,AJP58E1L1I1,,ERR13998538,ERS22453902,ERX13399691,,https://github.com/earthhologenome/EHI_bioinformatics/blob/main/0_Code/1_Preprocess_QC.snakefile,Calotriton asper,EHI,2024-02-16,EHI01968_G.bam,EHI01968_M_1.fq.gz,EHI01968_M_2.fq.gz,https://github.com/earthhologenome/EHI_bioinformatics,43.16,-1.91,,"43.16,-1.91",200.0,Nafarroa,Faecal,4795629134.0,"EHA03355,EHA03365,EHA04492",EHA03355,3,491,0.8979,0.9062,3447510595,0.9995,4787931551,18.8708,0.01,,72.004%,491,3,Assembly + MAGs,https://sid.erda.dk/share_redirect/BaMZodj9sA/PPR/PRB0164/EHI01968_G.bam,Male,Urodela,Amphibia,Spain,SD0384501,SD0384501,"ABB0402,ABB0403,ABB0497",,https://sid.erda.dk/share_redirect/BaMZodj9sA/PPR/PRB0164/EHI01968_M_1.fq.gz,https://sid.erda.dk/share_redirect/BaMZodj9sA/PPR/PRB0164/EHI01968_M_2.fq.gz,https://sid.erda.dk/share_redirect/BaMZodj9sA/PPR/PRB0164/EHI01968_G.bam,1,2,Garazi Martin,https://ftp.ncbi.nlm.nih.gov/genomes/all/GCA/026/652/325/GCA_026652325.1_ASM2665232v1/GCA_026652325.1_ASM2665232v1_genomic.fna.gz,
PR02659,PRB0164,EHI01970,EHI01970,AJP49E1L1I1,AJP49E1L1I1,AJP49,ERR13998527,5.33,Calotriton asper,G0047,G0047,Pleurodeles waltl,Other,1,EHI01970G1,EHI01970M1,2659,02659,35549806,34814914,5332470900,5075642679,5151276,154962191,1782,5075407128,235551,2%,5%,0.048,3%,0%,0.0%,68.65,3425745,95.43,0.04,20,AJP49E1L1I1,,ERR13998527,ERS22453891,ERX13399680,,https://github.com/earthhologenome/EHI_bioinformatics/blob/main/0_Code/1_Preprocess_QC.snakefile,Calotriton asper,EHI,2024-02-16,EHI01970_G.bam,EHI01970_M_1.fq.gz,EHI01970_M_2.fq.gz,https://github.com/earthhologenome/EHI_bioinformatics,43.03,-1.18,,"43.03,-1.18",200.0,Nafarroa,Faecal,3221847300.0,"EHA03356,EHA03366,EHA04478",EHA03356,3,429,0.8639,0.8749,2537684304,0.9997,6950141338,18.7019,0.02,,36.513%,429,3,Assembly + MAGs,https://sid.erda.dk/share_redirect/BaMZodj9sA/PPR/PRB0164/EHI01970_G.bam,Male,Urodela,Amphibia,Spain,SD0385001,SD0385001,"ABB0402,ABB0403,ABB0495",,https://sid.erda.dk/share_redirect/BaMZodj9sA/PPR/PRB0164/EHI01970_M_1.fq.gz,https://sid.erda.dk/share_redirect/BaMZodj9sA/PPR/PRB0164/EHI01970_M_2.fq.gz,https://sid.erda.dk/share_redirect/BaMZodj9sA/PPR/PRB0164/EHI01970_G.bam,1,2,Garazi Martin,https://ftp.ncbi.nlm.nih.gov/genomes/all/GCA/026/652/325/GCA_026652325.1_ASM2665232v1/GCA_026652325.1_ASM2665232v1_genomic.fna.gz,
PR02660,PRB0164,EHI01979,EHI01979,AJP48E1L1I1,AJP48E1L1I1,AJP48,ERR13998665,5.44,Calotriton asper,G0047,G0047,Pleurodeles waltl,Other,1,EHI01979G1,EHI01979M1,2660,02660,36233452,35072524,5435017800,5128187406,4788965,138327631,2613,5127758218,429188,3%,6%,0.056,3%,0%,0.0%,68.31,3373745,36.10,0.05,31,AJP48E1L1I1,,ERR13998665,ERS22455855,ERX13399818,,https://github.com/earthhologenome/EHI_bioinformatics/blob/main/0_Code/1_Preprocess_QC.snakefile,Calotriton asper,EHI,2024-02-16,EHI01979_G.bam,EHI01979_M_1.fq.gz,EHI01979_M_2.fq.gz,https://github.com/earthhologenome/EHI_bioinformatics,43.14,-1.91,,"43.14,-1.91",200.0,Gipuzkoa,Faecal,3314940066.0,"EHA03357,EHA03367,EHA04486",EHA03357,3,406,0.8075,0.8224,2563844629,0.9997,11014447900,19.4263,0.02,,23.277%,406,3,Assembly + MAGs,https://sid.erda.dk/share_redirect/BaMZodj9sA/PPR/PRB0164/EHI01979_G.bam,Male,Urodela,Amphibia,Spain,SD0385601,SD0385601,"ABB0402,ABB0403,ABB0496",,https://sid.erda.dk/share_redirect/BaMZodj9sA/PPR/PRB0164/EHI01979_M_1.fq.gz,https://sid.erda.dk/share_redirect/BaMZodj9sA/PPR/PRB0164/EHI01979_M_2.fq.gz,https://sid.erda.dk/share_redirect/BaMZodj9sA/PPR/PRB0164/EHI01979_G.bam,1,2,Garazi Martin,https://ftp.ncbi.nlm.nih.gov/genomes/all/GCA/026/652/325/GCA_026652325.1_ASM2665232v1/GCA_026652325.1_ASM2665232v1_genomic.fna.gz,
PR02661,PRB0164,EHI01982,EHI01982,AJP57E1L1I1,AJP57E1L1I1,AJP57,ERR13998526,3.63,Calotriton asper,G0047,G0047,Pleurodeles waltl,Other,1,EHI01982G1,EHI01982M1,2661,02661,24215030,23339256,3632254500,3400124037,3602457,104662721,19529,3397017215,3106822,4%,6%,0.064,3%,0%,0.1%,61.11,3908519,5.15,0.10,37,AJP57E1L1I1,,ERR13998526,ERS22453890,ERX13399679,,https://github.com/earthhologenome/EHI_bioinformatics/blob/main/0_Code/1_Preprocess_QC.snakefile,Calotriton asper,EHI,2024-02-16,EHI01982_G.bam,EHI01982_M_1.fq.gz,EHI01982_M_2.fq.gz,https://github.com/earthhologenome/EHI_bioinformatics,43.14,-1.91,,"43.14,-1.91",74.9,Gipuzkoa,Faecal,1948178894.0,"EHA03358,EHA03368,EHA04488",EHA03358,3,376,0.7508,0.7695,1698493356,0.9953,32210020716,18.8845,0.09,,5.273%,376,3,Assembly + MAGs,https://sid.erda.dk/share_redirect/BaMZodj9sA/PPR/PRB0164/EHI01982_G.bam,Male,Urodela,Amphibia,Spain,SD0385501,SD0385501,"ABB0402,ABB0403,ABB0496",,https://sid.erda.dk/share_redirect/BaMZodj9sA/PPR/PRB0164/EHI01982_M_1.fq.gz,https://sid.erda.dk/share_redirect/BaMZodj9sA/PPR/PRB0164/EHI01982_M_2.fq.gz,https://sid.erda.dk/share_redirect/BaMZodj9sA/PPR/PRB0164/EHI01982_G.bam,1,2,Garazi Martin,https://ftp.ncbi.nlm.nih.gov/genomes/all/GCA/026/652/325/GCA_026652325.1_ASM2665232v1/GCA_026652325.1_ASM2665232v1_genomic.fna.gz,
PR02662,PRB0164,EHI01985,EHI01985,AJP55E1L1I1,AJP55E1L1I1,AJP55,ERR13998667,5.80,Calotriton asper,G0047,G0047,Pleurodeles waltl,Other,1,EHI01985G1,EHI01985M1,2662,02662,38650534,37342594,5797580100,5462568015,4951925,146137745,2412,5462273038,294977,3%,6%,0.058,3%,0%,0.0%,70.59,3367017,36.68,0.05,43,AJP55E1L1I1,,ERR13998667,ERS22455857,ERX13399820,,https://github.com/earthhologenome/EHI_bioinformatics/blob/main/0_Code/1_Preprocess_QC.snakefile,Calotriton asper,EHI,2024-02-16,EHI01985_G.bam,EHI01985_M_1.fq.gz,EHI01985_M_2.fq.gz,https://github.com/earthhologenome/EHI_bioinformatics,43,-1.17,,"43,-1.17",200.0,Nafarroa,Faecal,3720687535.0,"EHA03359,EHA03369,EHA04469",EHA03359,3,476,0.7993,0.8148,2731109845,0.9995,13483708124,19.3041,0.03,,20.255%,476,3,Assembly + MAGs,https://sid.erda.dk/share_redirect/BaMZodj9sA/PPR/PRB0164/EHI01985_G.bam,Male,Urodela,Amphibia,Spain,SD0383401,SD0383401,"ABB0402,ABB0403,ABB0494",,https://sid.erda.dk/share_redirect/BaMZodj9sA/PPR/PRB0164/EHI01985_M_1.fq.gz,https://sid.erda.dk/share_redirect/BaMZodj9sA/PPR/PRB0164/EHI01985_M_2.fq.gz,https://sid.erda.dk/share_redirect/BaMZodj9sA/PPR/PRB0164/EHI01985_G.bam,1,2,Garazi Martin,https://ftp.ncbi.nlm.nih.gov/genomes/all/GCA/026/652/325/GCA_026652325.1_ASM2665232v1/GCA_026652325.1_ASM2665232v1_genomic.fna.gz,
PR02663,PRB0164,EHI01989,EHI01989,AJP56E1L1I1,AJP56E1L1I1,AJP56,ERR13998534,4.98,Calotriton asper,G0047,G0047,Pleurodeles waltl,Other,1,EHI01989G1,EHI01989M1,2663,02663,33172994,31868458,4975949100,4651019924,4601215,134420002,3058,4650449132,570792,4%,7%,0.065,3%,0%,0.0%,71.60,3557226,16.02,0.09,48,AJP56E1L1I1,,ERR13998534,ERS22453898,ERX13399687,,https://github.com/earthhologenome/EHI_bioinformatics/blob/main/0_Code/1_Preprocess_QC.snakefile,Calotriton asper,EHI,2024-02-16,EHI01989_G.bam,EHI01989_M_1.fq.gz,EHI01989_M_2.fq.gz,https://github.com/earthhologenome/EHI_bioinformatics,43.14,-1.91,,"43.14,-1.91",147.4,Gipuzkoa,Faecal,3148323139.0,"EHA03360,EHA03370,EHA04487",EHA03360,3,396,0.7983,0.8139,2325190145,0.9996,12303305578,19.0583,0.07,,18.899%,396,3,Assembly + MAGs,https://sid.erda.dk/share_redirect/BaMZodj9sA/PPR/PRB0164/EHI01989_G.bam,Male,Urodela,Amphibia,Spain,SD0385401,SD0385401,"ABB0402,ABB0403,ABB0496",,https://sid.erda.dk/share_redirect/BaMZodj9sA/PPR/PRB0164/EHI01989_M_1.fq.gz,https://sid.erda.dk/share_redirect/BaMZodj9sA/PPR/PRB0164/EHI01989_M_2.fq.gz,https://sid.erda.dk/share_redirect/BaMZodj9sA/PPR/PRB0164/EHI01989_G.bam,1,2,Garazi Martin,https://ftp.ncbi.nlm.nih.gov/genomes/all/GCA/026/652/325/GCA_026652325.1_ASM2665232v1/GCA_026652325.1_ASM2665232v1_genomic.fna.gz,
PR02664,PRB0164,EHI01992,EHI01992,AJP69E1L1I1,AJP69E1L1I1,AJP69,ERR13998525,4.46,Calotriton asper,G0047,G0047,Pleurodeles waltl,Other,1,EHI01992G1,EHI01992M1,2664,02664,29710474,28972822,4456571100,4245356248,3774235,104788215,3724,4244705388,650860,2%,5%,0.047,2%,0%,0.0%,64.39,3274149,13.89,0.04,53,AJP69E1L1I1,,ERR13998525,ERS22453889,ERX13399678,,https://github.com/earthhologenome/EHI_bioinformatics/blob/main/0_Code/1_Preprocess_QC.snakefile,Calotriton asper,EHI,2024-02-16,EHI01992_G.bam,EHI01992_M_1.fq.gz,EHI01992_M_2.fq.gz,https://github.com/earthhologenome/EHI_bioinformatics,43,-1.17,,"43,-1.17",63.1,Nafarroa,Faecal,2550508140.0,"EHA03361,EHA03371,EHA04468",EHA03361,3,472,0.7737,0.7909,2122335098,0.9993,16526465680,19.3641,0.03,,12.842%,472,3,Assembly + MAGs,https://sid.erda.dk/share_redirect/BaMZodj9sA/PPR/PRB0164/EHI01992_G.bam,Male,Urodela,Amphibia,Spain,SD0383601,SD0383601,"ABB0402,ABB0403,ABB0494",,https://sid.erda.dk/share_redirect/BaMZodj9sA/PPR/PRB0164/EHI01992_M_1.fq.gz,https://sid.erda.dk/share_redirect/BaMZodj9sA/PPR/PRB0164/EHI01992_M_2.fq.gz,https://sid.erda.dk/share_redirect/BaMZodj9sA/PPR/PRB0164/EHI01992_G.bam,1,2,Garazi Martin,https://ftp.ncbi.nlm.nih.gov/genomes/all/GCA/026/652/325/GCA_026652325.1_ASM2665232v1/GCA_026652325.1_ASM2665232v1_genomic.fna.gz,
PR02665,PRB0164,EHI01995,EHI01995,AJP38E1L1I1,AJP38E1L1I1,AJP38,ERR13998528,3.93,Calotriton asper,G0047,G0047,Pleurodeles waltl,Other,1,EHI01995G1,EHI01995M1,2665,02665,26179558,25157476,3926933700,3682790555,3289133,95394951,5611,3681776071,1014484,4%,6%,0.062,2%,0%,0.0%,71.01,2952345,27.72,0.05,58,AJP38E1L1I1,,ERR13998528,ERS22453892,ERX13399681,,https://github.com/earthhologenome/EHI_bioinformatics/blob/main/0_Code/1_Preprocess_QC.snakefile,Calotriton asper,EHI,2024-02-16,EHI01995_G.bam,EHI01995_M_1.fq.gz,EHI01995_M_2.fq.gz,https://github.com/earthhologenome/EHI_bioinformatics,43,-1.17,,"43,-1.17",152.9,Nafarroa,Faecal,2402792706.0,"EHA03362,EHA03372,EHA04470",EHA03362,3,477,0.7120,0.7331,1840860998,0.9999,25615461594,19.4861,0.02,,7.187%,477,3,Assembly + MAGs,https://sid.erda.dk/share_redirect/BaMZodj9sA/PPR/PRB0164/EHI01995_G.bam,Male,Urodela,Amphibia,Spain,SD0383501,SD0383501,"ABB0402,ABB0403,ABB0494",,https://sid.erda.dk/share_redirect/BaMZodj9sA/PPR/PRB0164/EHI01995_M_1.fq.gz,https://sid.erda.dk/share_redirect/BaMZodj9sA/PPR/PRB0164/EHI01995_M_2.fq.gz,https://sid.erda.dk/share_redirect/BaMZodj9sA/PPR/PRB0164/EHI01995_G.bam,1,2,Garazi Martin,https://ftp.ncbi.nlm.nih.gov/genomes/all/GCA/026/652/325/GCA_026652325.1_ASM2665232v1/GCA_026652325.1_ASM2665232v1_genomic.fna.gz,
PR02839,PRB0174,EHI02065,EHI02065,AJP52E1L1I1,AJP52E1L1I1,AJP52,ERR13998529,,Calotriton asper,G0047,G0047,Pleurodeles waltl,Other,1,EHI02065G1,EHI02065M1,2839,02839,31746490,30501922,4761973500,4473780127,3957360,115096182,1687,4473531340,248787,4%,6%,0.061,2%,0%,0.0%,71.68,3055447,3.80,0.32,18,AJP52E1L1I1,,ERR13998529,ERS22453893,ERX13399682,,https://github.com/earthhologenome/EHI_bioinformatics/blob/main/0_Code/1_Preprocess_QC.snakefile,Calotriton asper,EHI,2024-02-22,EHI02065_G.bam,EHI02065_M_1.fq.gz,EHI02065_M_2.fq.gz,https://github.com/earthhologenome/EHI_bioinformatics,43.16,-1.91,,"43.16,-1.91",168.5,Nafarroa,Faecal,2988007683.0,"EHA03454,EHA04494",,2,374,0.8409,0.8535,2236743746,0.9998,8928231502,18.7843,0.03,,25.052%,374,2,Assembly + MAGs,https://sid.erda.dk/share_redirect/BaMZodj9sA/PPR/PRB0174/EHI02065_G.bam,Male,Urodela,Amphibia,Spain,SD0384401,SD0384401,"ABB0409,ABB0497",,https://sid.erda.dk/share_redirect/BaMZodj9sA/PPR/PRB0174/EHI02065_M_1.fq.gz,https://sid.erda.dk/share_redirect/BaMZodj9sA/PPR/PRB0174/EHI02065_M_2.fq.gz,https://sid.erda.dk/share_redirect/BaMZodj9sA/PPR/PRB0174/EHI02065_G.bam,0,2,Garazi Martin,https://ftp.ncbi.nlm.nih.gov/genomes/all/GCA/026/652/325/GCA_026652325.1_ASM2665232v1/GCA_026652325.1_ASM2665232v1_genomic.fna.gz,
PR02840,PRB0174,EHI02067,EHI02067,AJP51E3L1I1,AJP51E3L1I1,AJP51,,,Calotriton asper,G0047,G0047,Pleurodeles waltl,Other,1,EHI02067G1,EHI02067M1,2840,02840,35455766,33826222,5318364900,4829572150,7828686,279974866,76049,4820536628,9035522,5%,9%,0.092,5%,0%,0.2%,60.30,2889211,8.10,0.27,20,AJP51E3L1I1,,,ERS22453887,,,https://github.com/earthhologenome/EHI_bioinformatics/blob/main/0_Code/1_Preprocess_QC.snakefile,Calotriton asper,EHI,2024-02-22,EHI02067_G.bam,EHI02067_M_1.fq.gz,EHI02067_M_2.fq.gz,https://github.com/earthhologenome/EHI_bioinformatics,43,-1.17,,"43,-1.17",200.0,Nafarroa,Faecal,2704041263.0,"EHA03477,EHA04472",,2,357,0.7614,0.7794,2410204071,0.9996,21032781106,19.4155,0.06,,11.459%,357,2,Assembly + MAGs,https://sid.erda.dk/share_redirect/BaMZodj9sA/PPR/PRB0174/EHI02067_G.bam,Male,Urodela,Amphibia,Spain,SD0382901,SD0382901,"ABB0409,ABB0494",,https://sid.erda.dk/share_redirect/BaMZodj9sA/PPR/PRB0174/EHI02067_M_1.fq.gz,https://sid.erda.dk/share_redirect/BaMZodj9sA/PPR/PRB0174/EHI02067_M_2.fq.gz,https://sid.erda.dk/share_redirect/BaMZodj9sA/PPR/PRB0174/EHI02067_G.bam,0,2,Garazi Martin,https://ftp.ncbi.nlm.nih.gov/genomes/all/GCA/026/652/325/GCA_026652325.1_ASM2665232v1/GCA_026652325.1_ASM2665232v1_genomic.fna.gz,
PR02841,PRB0174,EHI02079,EHI02079,AJP52E3L1I1,AJP52E3L1I1,AJP52,,,Calotriton asper,G0047,G0047,Pleurodeles waltl,Other,1,EHI02079G1,EHI02079M1,2841,02841,31355332,29539566,4703299800,4294579814,5169154,179151770,13501,4293038259,1541555,6%,9%,0.087,4%,0%,0.0%,68.62,3057964,3.31,0.45,32,AJP52E3L1I1,,,ERS22453893,,,https://github.com/earthhologenome/EHI_bioinformatics/blob/main/0_Code/1_Preprocess_QC.snakefile,Calotriton asper,EHI,2024-02-22,EHI02079_G.bam,EHI02079_M_1.fq.gz,EHI02079_M_2.fq.gz,https://github.com/earthhologenome/EHI_bioinformatics,43.16,-1.91,,"43.16,-1.91",200.0,Nafarroa,Faecal,2752649162.0,"EHA03478,EHA04495",,2,374,0.8110,0.8257,2146492876,0.9998,11828283425,18.9457,0.05,,18.147%,374,2,Assembly + MAGs,https://sid.erda.dk/share_redirect/BaMZodj9sA/PPR/PRB0174/EHI02079_G.bam,Male,Urodela,Amphibia,Spain,SD0384401,SD0384401,"ABB0409,ABB0497",,https://sid.erda.dk/share_redirect/BaMZodj9sA/PPR/PRB0174/EHI02079_M_1.fq.gz,https://sid.erda.dk/share_redirect/BaMZodj9sA/PPR/PRB0174/EHI02079_M_2.fq.gz,https://sid.erda.dk/share_redirect/BaMZodj9sA/PPR/PRB0174/EHI02079_G.bam,0,2,Garazi Martin,https://ftp.ncbi.nlm.nih.gov/genomes/all/GCA/026/652/325/GCA_026652325.1_ASM2665232v1/GCA_026652325.1_ASM2665232v1_genomic.fna.gz,
PR02842,PRB0174,EHI02088,EHI02088,AJP51E1L1I1,AJP51E1L1I1,AJP51,,,Calotriton asper,G0047,G0047,Pleurodeles waltl,Other,1,EHI02088G1,EHI02088M1,2842,02842,47520992,45197514,7128148800,6590124826,7251367,239272709,15121,6587615976,2508850,5%,8%,0.075,3%,0%,0.0%,69.84,2884433,3.52,0.54,41,AJP51E1L1I1,,,ERS22453887,,,https://github.com/earthhologenome/EHI_bioinformatics/blob/main/0_Code/1_Preprocess_QC.snakefile,Calotriton asper,EHI,2024-02-22,EHI02088_G.bam,EHI02088_M_1.fq.gz,EHI02088_M_2.fq.gz,https://github.com/earthhologenome/EHI_bioinformatics,43,-1.17,,"43,-1.17",113.0,Nafarroa,Faecal,4314392213.0,"EHA03479,EHA04473",,2,357,0.8731,0.8834,3293772505,0.9998,9032827336,19.0185,0.14,,36.464%,357,2,Assembly + MAGs,https://sid.erda.dk/share_redirect/BaMZodj9sA/PPR/PRB0174/EHI02088_G.bam,Male,Urodela,Amphibia,Spain,SD0382901,SD0382901,"ABB0409,ABB0494",,https://sid.erda.dk/share_redirect/BaMZodj9sA/PPR/PRB0174/EHI02088_M_1.fq.gz,https://sid.erda.dk/share_redirect/BaMZodj9sA/PPR/PRB0174/EHI02088_M_2.fq.gz,https://sid.erda.dk/share_redirect/BaMZodj9sA/PPR/PRB0174/EHI02088_G.bam,0,2,Garazi Martin,https://ftp.ncbi.nlm.nih.gov/genomes/all/GCA/026/652/325/GCA_026652325.1_ASM2665232v1/GCA_026652325.1_ASM2665232v1_genomic.fna.gz,
PR02843,PRB0174,EHI02097,EHI02097,AJP52E2L1I1,AJP52E2L1I1,AJP52,,,Calotriton asper,G0047,G0047,Pleurodeles waltl,Other,1,EHI02097G1,EHI02097M1,2843,02843,42892338,36524426,6433850700,5325245645,5947802,169128792,9567,5324134598,1111047,15%,17%,0.172,3%,0%,0.0%,69.81,3040056,6.36,0.06,50,AJP52E2L1I1,,,ERS22453893,,,https://github.com/earthhologenome/EHI_bioinformatics/blob/main/0_Code/1_Preprocess_QC.snakefile,Calotriton asper,EHI,2024-02-22,EHI02097_G.bam,EHI02097_M_1.fq.gz,EHI02097_M_2.fq.gz,https://github.com/earthhologenome/EHI_bioinformatics,43.16,-1.91,,"43.16,-1.91",74.6,Nafarroa,Faecal,3464548776.0,"EHA03480,EHA04496",,2,374,0.8796,0.8893,2662007293,0.9998,6989435700,18.7593,0.10,,38.086%,374,2,Assembly + MAGs,https://sid.erda.dk/share_redirect/BaMZodj9sA/PPR/PRB0174/EHI02097_G.bam,Male,Urodela,Amphibia,Spain,SD0384401,SD0384401,"ABB0409,ABB0497",,https://sid.erda.dk/share_redirect/BaMZodj9sA/PPR/PRB0174/EHI02097_M_1.fq.gz,https://sid.erda.dk/share_redirect/BaMZodj9sA/PPR/PRB0174/EHI02097_M_2.fq.gz,https://sid.erda.dk/share_redirect/BaMZodj9sA/PPR/PRB0174/EHI02097_G.bam,0,2,Garazi Martin,https://ftp.ncbi.nlm.nih.gov/genomes/all/GCA/026/652/325/GCA_026652325.1_ASM2665232v1/GCA_026652325.1_ASM2665232v1_genomic.fna.gz,
PR02844,PRB0174,EHI02105,EHI02105,AJP51E2L1I1,AJP51E2L1I1,AJP51,ERR13998523,,Calotriton asper,G0047,G0047,Pleurodeles waltl,Other,1,EHI02105G1,EHI02105M1,2844,02844,18914980,17050888,2837247000,2400469589,4986507,196729916,59754,2393798263,6671326,10%,15%,0.154,7%,0%,0.4%,60.15,2893459,1.96,0.53,58,AJP51E2L1I1,,ERR13998523,ERS22453887,ERX13399676,,https://github.com/earthhologenome/EHI_bioinformatics/blob/main/0_Code/1_Preprocess_QC.snakefile,Calotriton asper,EHI,2024-02-22,EHI02105_G.bam,EHI02105_M_1.fq.gz,EHI02105_M_2.fq.gz,https://github.com/earthhologenome/EHI_bioinformatics,43,-1.17,,"43,-1.17",24.5,Nafarroa,Faecal,1320904047.0,"EHA03481,EHA04471",,2,357,0.8145,0.8289,1196828306,0.9991,6069487585,18.8381,0.24,,19.719%,357,2,Assembly + MAGs,https://sid.erda.dk/share_redirect/BaMZodj9sA/PPR/PRB0174/EHI02105_G.bam,Male,Urodela,Amphibia,Spain,SD0382901,SD0382901,"ABB0409,ABB0494",,https://sid.erda.dk/share_redirect/BaMZodj9sA/PPR/PRB0174/EHI02105_M_1.fq.gz,https://sid.erda.dk/share_redirect/BaMZodj9sA/PPR/PRB0174/EHI02105_M_2.fq.gz,https://sid.erda.dk/share_redirect/BaMZodj9sA/PPR/PRB0174/EHI02105_G.bam,0,2,Garazi Martin,https://ftp.ncbi.nlm.nih.gov/genomes/all/GCA/026/652/325/GCA_026652325.1_ASM2665232v1/GCA_026652325.1_ASM2665232v1_genomic.fna.gz,
PR03298,PRB0237,EHI02582,EHI02582,AJP50E1L1I1,AJP50E1L1I1,AJP50,ERR13998530,3.93,Calotriton asper,G0047,G0047,Pleurodeles waltl,Other,1,EHI02582G1,EHI02582M1,3298,03298,26184048,25621482,3927607200,3771062512,2776218,73549950,277,3771020851,41661,2%,4%,0.040,2%,0%,0.0%,74.73,4041871,13.44,0.07,12,AJP50E1L1I1,,ERR13998530,ERS22453894,ERX13399683,,https://github.com/earthhologenome/EHI_bioinformatics/blob/main/0_Code/1_Preprocess_QC.snakefile,Calotriton asper,EHI,2024-05-28,EHI02582_G.bam,EHI02582_M_1.fq.gz,EHI02582_M_2.fq.gz,https://github.com/earthhologenome/EHI_bioinformatics,43.14,-1.91,,"43.14,-1.91",116.2,Gipuzkoa,Faecal,2703519171.0,"EHA04392,EHA04489",EHA04392,2,164,0.9245,0.9307,1885499301,0.9996,1814252097,18.0392,0.02,,103.927%,164,2,Assembly + MAGs,https://sid.erda.dk/share_redirect/BaMZodj9sA/PPR/PRB0237/EHI02582_G.bam,Male,Urodela,Amphibia,Spain,SD0385901,SD0385901,"ABB0490,ABB0496",,https://sid.erda.dk/share_redirect/BaMZodj9sA/PPR/PRB0237/EHI02582_M_1.fq.gz,https://sid.erda.dk/share_redirect/BaMZodj9sA/PPR/PRB0237/EHI02582_M_2.fq.gz,https://sid.erda.dk/share_redirect/BaMZodj9sA/PPR/PRB0237/EHI02582_G.bam,1,1,Garazi Martin,https://ftp.ncbi.nlm.nih.gov/genomes/all/GCA/026/652/325/GCA_026652325.1_ASM2665232v1/GCA_026652325.1_ASM2665232v1_genomic.fna.gz,
PR03299,PRB0237,EHI02584,EHI02584,AJP53E1L1I1,AJP53E1L1I1,AJP53,ERR13998663,5.49,Calotriton asper,G0047,G0047,Pleurodeles waltl,Other,1,EHI02584G1,EHI02584M1,3299,03299,36629754,35758798,5494463100,5281323751,3230484,83736069,1328,5281080602,243149,2%,4%,0.039,2%,0%,0.0%,75.00,3222267,8.85,0.05,14,AJP53E1L1I1,,ERR13998663,ERS22455853,ERX13399816,,https://github.com/earthhologenome/EHI_bioinformatics/blob/main/0_Code/1_Preprocess_QC.snakefile,Calotriton asper,EHI,2024-05-28,EHI02584_G.bam,EHI02584_M_1.fq.gz,EHI02584_M_2.fq.gz,https://github.com/earthhologenome/EHI_bioinformatics,43.03,-1.18,,"43.03,-1.18",105.8,Nafarroa,Faecal,3917344073.0,"EHA04393,EHA04482",EHA04393,2,204,0.8773,0.8872,2640532106,0.9998,6826349608,18.4313,0.03,,38.681%,204,2,Assembly + MAGs,https://sid.erda.dk/share_redirect/BaMZodj9sA/PPR/PRB0237/EHI02584_G.bam,Male,Urodela,Amphibia,Spain,SD0384601,SD0384601,"ABB0490,ABB0495",,https://sid.erda.dk/share_redirect/BaMZodj9sA/PPR/PRB0237/EHI02584_M_1.fq.gz,https://sid.erda.dk/share_redirect/BaMZodj9sA/PPR/PRB0237/EHI02584_M_2.fq.gz,https://sid.erda.dk/share_redirect/BaMZodj9sA/PPR/PRB0237/EHI02584_G.bam,1,1,Garazi Martin,https://ftp.ncbi.nlm.nih.gov/genomes/all/GCA/026/652/325/GCA_026652325.1_ASM2665232v1/GCA_026652325.1_ASM2665232v1_genomic.fna.gz,
PR03300,PRB0237,EHI02585,EHI02585,AJP43E1L1I1,AJP43E1L1I1,AJP43,ERR13998664,5.85,Calotriton asper,G0047,G0047,Pleurodeles waltl,Other,1,EHI02585G1,EHI02585M1,3300,03300,38978704,37782156,5846805600,5541213436,4817289,128890402,5358,5540520017,693419,3%,5%,0.052,2%,0%,0.0%,68.02,3075764,13.45,0.08,15,AJP43E1L1I1,,ERR13998664,ERS22455854,ERX13399817,,https://github.com/earthhologenome/EHI_bioinformatics/blob/main/0_Code/1_Preprocess_QC.snakefile,Calotriton asper,EHI,2024-05-28,EHI02585_G.bam,EHI02585_M_1.fq.gz,EHI02585_M_2.fq.gz,https://github.com/earthhologenome/EHI_bioinformatics,43,-1.17,,"43,-1.17",200.0,Nafarroa,Faecal,3480972351.0,"EHA04394,EHA04475",EHA04394,2,277,0.8304,0.8438,2770260376,0.9995,11487492327,19.2095,0.18,,24.115%,277,2,Assembly + MAGs,https://sid.erda.dk/share_redirect/BaMZodj9sA/PPR/PRB0237/EHI02585_G.bam,Male,Urodela,Amphibia,Spain,SD0383101,SD0383101,"ABB0490,ABB0494",,https://sid.erda.dk/share_redirect/BaMZodj9sA/PPR/PRB0237/EHI02585_M_1.fq.gz,https://sid.erda.dk/share_redirect/BaMZodj9sA/PPR/PRB0237/EHI02585_M_2.fq.gz,https://sid.erda.dk/share_redirect/BaMZodj9sA/PPR/PRB0237/EHI02585_G.bam,1,1,Garazi Martin,https://ftp.ncbi.nlm.nih.gov/genomes/all/GCA/026/652/325/GCA_026652325.1_ASM2665232v1/GCA_026652325.1_ASM2665232v1_genomic.fna.gz,
PR03301,PRB0237,EHI02587,EHI02587,AJP67E1L1I1,AJP67E1L1I1,AJP67,ERR13998657,5.15,Calotriton asper,G0047,G0047,Pleurodeles waltl,Other,1,EHI02587G1,EHI02587M1,3301,03301,34312492,33568198,5146873800,4946585892,3390615,91761371,6100,4945532779,1053113,2%,4%,0.039,2%,0%,0.0%,71.80,3443210,7.59,0.06,17,AJP67E1L1I1,,ERR13998657,ERS22455847,ERX13399810,,https://github.com/earthhologenome/EHI_bioinformatics/blob/main/0_Code/1_Preprocess_QC.snakefile,Calotriton asper,EHI,2024-05-28,EHI02587_G.bam,EHI02587_M_1.fq.gz,EHI02587_M_2.fq.gz,https://github.com/earthhologenome/EHI_bioinformatics,43,-1.17,,"43,-1.17",50.4,Nafarroa,Faecal,3315989988.0,"EHA04395,EHA04474",EHA04395,2,256,0.8340,0.8471,2472752209,0.9998,11658795696,18.8280,0.05,,21.209%,256,2,Assembly + MAGs,https://sid.erda.dk/share_redirect/BaMZodj9sA/PPR/PRB0237/EHI02587_G.bam,Male,Urodela,Amphibia,Spain,SD0383201,SD0383201,"ABB0490,ABB0494",,https://sid.erda.dk/share_redirect/BaMZodj9sA/PPR/PRB0237/EHI02587_M_1.fq.gz,https://sid.erda.dk/share_redirect/BaMZodj9sA/PPR/PRB0237/EHI02587_M_2.fq.gz,https://sid.erda.dk/share_redirect/BaMZodj9sA/PPR/PRB0237/EHI02587_G.bam,1,1,Garazi Martin,https://ftp.ncbi.nlm.nih.gov/genomes/all/GCA/026/652/325/GCA_026652325.1_ASM2665232v1/GCA_026652325.1_ASM2665232v1_genomic.fna.gz,
PR03302,PRB0237,EHI02592,EHI02592,AJP64E1L1I1,AJP64E1L1I1,AJP64,ERR13998537,5.25,Calotriton asper,G0047,G0047,Pleurodeles waltl,Other,1,EHI02592G1,EHI02592M1,3302,03302,35005670,34126274,5250850500,5030375055,3393609,90316296,4071,5029567969,807086,3%,4%,0.042,2%,0%,0.0%,70.77,3430623,3.67,0.04,22,AJP64E1L1I1,,ERR13998537,ERS22453901,ERX13399690,,https://github.com/earthhologenome/EHI_bioinformatics/blob/main/0_Code/1_Preprocess_QC.snakefile,Calotriton asper,EHI,2024-05-28,EHI02592_G.bam,EHI02592_M_1.fq.gz,EHI02592_M_2.fq.gz,https://github.com/earthhologenome/EHI_bioinformatics,43.16,-1.91,,"43.16,-1.91",65.3,Nafarroa,Faecal,3495287568.0,"EHA04396,EHA04500",EHA04396,2,273,0.8731,0.8834,2514773521,0.9996,5397905015,18.8258,0.05,,46.588%,273,2,Assembly + MAGs,https://sid.erda.dk/share_redirect/BaMZodj9sA/PPR/PRB0237/EHI02592_G.bam,Male,Urodela,Amphibia,Spain,SD0383701,SD0383701,"ABB0490,ABB0497",,https://sid.erda.dk/share_redirect/BaMZodj9sA/PPR/PRB0237/EHI02592_M_1.fq.gz,https://sid.erda.dk/share_redirect/BaMZodj9sA/PPR/PRB0237/EHI02592_M_2.fq.gz,https://sid.erda.dk/share_redirect/BaMZodj9sA/PPR/PRB0237/EHI02592_G.bam,1,1,Garazi Martin,https://ftp.ncbi.nlm.nih.gov/genomes/all/GCA/026/652/325/GCA_026652325.1_ASM2665232v1/GCA_026652325.1_ASM2665232v1_genomic.fna.gz,
PR03303,PRB0237,EHI02598,EHI02598,AJP42E1L1I1,AJP42E1L1I1,AJP42,ERR13998659,5.33,Calotriton asper,G0047,G0047,Pleurodeles waltl,Other,1,EHI02598G1,EHI02598M1,3303,03303,35520536,34807096,5328080400,5135817006,3362828,83728147,528,5135731572,85434,2%,4%,0.036,2%,0%,0.0%,73.04,3172357,15.91,0.04,28,AJP42E1L1I1,,ERR13998659,ERS22455849,ERX13399812,,https://github.com/earthhologenome/EHI_bioinformatics/blob/main/0_Code/1_Preprocess_QC.snakefile,Calotriton asper,EHI,2024-05-28,EHI02598_G.bam,EHI02598_M_1.fq.gz,EHI02598_M_2.fq.gz,https://github.com/earthhologenome/EHI_bioinformatics,43,-1.17,,"43,-1.17",122.9,Nafarroa,Faecal,3470816889.0,"EHA04397,EHA04476",EHA04397,2,275,0.8473,0.8595,2567862956,0.9994,8080315252,19.2017,0.04,,31.779%,275,2,Assembly + MAGs,https://sid.erda.dk/share_redirect/BaMZodj9sA/PPR/PRB0237/EHI02598_G.bam,Male,Urodela,Amphibia,Spain,SD0383001,SD0383001,"ABB0490,ABB0494",,https://sid.erda.dk/share_redirect/BaMZodj9sA/PPR/PRB0237/EHI02598_M_1.fq.gz,https://sid.erda.dk/share_redirect/BaMZodj9sA/PPR/PRB0237/EHI02598_M_2.fq.gz,https://sid.erda.dk/share_redirect/BaMZodj9sA/PPR/PRB0237/EHI02598_G.bam,1,1,Garazi Martin,https://ftp.ncbi.nlm.nih.gov/genomes/all/GCA/026/652/325/GCA_026652325.1_ASM2665232v1/GCA_026652325.1_ASM2665232v1_genomic.fna.gz,
PR03304,PRB0237,EHI02602,EHI02602,AJP41E1L1I1,AJP41E1L1I1,AJP41,ERR13998532,4.23,Calotriton asper,G0047,G0047,Pleurodeles waltl,Other,1,EHI02602G1,EHI02602M1,3304,03304,28222502,27656528,4233375300,4053491180,3557541,95227091,1007,4053342960,148220,2%,4%,0.042,2%,0%,0.0%,60.37,3132533,18.84,0.10,32,AJP41E1L1I1,,ERR13998532,ERS22453896,ERX13399685,,https://github.com/earthhologenome/EHI_bioinformatics/blob/main/0_Code/1_Preprocess_QC.snakefile,Calotriton asper,EHI,2024-05-28,EHI02602_G.bam,EHI02602_M_1.fq.gz,EHI02602_M_2.fq.gz,https://github.com/earthhologenome/EHI_bioinformatics,43.03,-1.18,,"43.03,-1.18",183.8,Nafarroa,Faecal,2243251693.0,"EHA04398,EHA04481",EHA04398,2,209,0.8073,0.8222,2026665255,0.9995,10493248205,19.2375,0.04,,19.314%,209,2,Assembly + MAGs,https://sid.erda.dk/share_redirect/BaMZodj9sA/PPR/PRB0237/EHI02602_G.bam,Male,Urodela,Amphibia,Spain,SD0385101,SD0385101,"ABB0490,ABB0495",,https://sid.erda.dk/share_redirect/BaMZodj9sA/PPR/PRB0237/EHI02602_M_1.fq.gz,https://sid.erda.dk/share_redirect/BaMZodj9sA/PPR/PRB0237/EHI02602_M_2.fq.gz,https://sid.erda.dk/share_redirect/BaMZodj9sA/PPR/PRB0237/EHI02602_G.bam,1,1,Garazi Martin,https://ftp.ncbi.nlm.nih.gov/genomes/all/GCA/026/652/325/GCA_026652325.1_ASM2665232v1/GCA_026652325.1_ASM2665232v1_genomic.fna.gz,
PR03305,PRB0237,EHI02603,EHI02603,AJP54E1L1I1,AJP54E1L1I1,AJP54,ERR13998658,5.31,Calotriton asper,G0047,G0047,Pleurodeles waltl,Other,1,EHI02603G1,EHI02603M1,3305,03305,35373476,34551394,5306021400,5089454922,3622558,95599221,12216,5087246543,2208379,2%,4%,0.041,2%,0%,0.0%,71.31,3424343,4.05,0.02,33,AJP54E1L1I1,,ERR13998658,ERS22455848,ERX13399811,,https://github.com/earthhologenome/EHI_bioinformatics/blob/main/0_Code/1_Preprocess_QC.snakefile,Calotriton asper,EHI,2024-05-28,EHI02603_G.bam,EHI02603_M_1.fq.gz,EHI02603_M_2.fq.gz,https://github.com/earthhologenome/EHI_bioinformatics,43.14,-1.91,,"43.14,-1.91",16.4,Gipuzkoa,Faecal,3454658829.0,"EHA04399,EHA04490",EHA04399,2,183,0.8304,0.8437,2543623262,0.9993,11342738978,19.0251,0.04,,22.425%,183,2,Assembly + MAGs,https://sid.erda.dk/share_redirect/BaMZodj9sA/PPR/PRB0237/EHI02603_G.bam,Male,Urodela,Amphibia,Spain,SD0385701,SD0385701,"ABB0490,ABB0496",,https://sid.erda.dk/share_redirect/BaMZodj9sA/PPR/PRB0237/EHI02603_M_1.fq.gz,https://sid.erda.dk/share_redirect/BaMZodj9sA/PPR/PRB0237/EHI02603_M_2.fq.gz,https://sid.erda.dk/share_redirect/BaMZodj9sA/PPR/PRB0237/EHI02603_G.bam,1,1,Garazi Martin,https://ftp.ncbi.nlm.nih.gov/genomes/all/GCA/026/652/325/GCA_026652325.1_ASM2665232v1/GCA_026652325.1_ASM2665232v1_genomic.fna.gz,
PR03306,PRB0237,EHI02607,EHI02607,AJP40E1L1I1,AJP40E1L1I1,AJP40,ERR13998536,5.72,Calotriton asper,G0047,G0047,Pleurodeles waltl,Other,1,EHI02607G1,EHI02607M1,3306,03306,38156108,37447222,5723416200,5506366589,4267163,112066770,1558,5506126638,239951,2%,4%,0.038,2%,0%,0.0%,65.92,2849984,22.56,0.06,37,AJP40E1L1I1,,ERR13998536,ERS22453900,ERX13399689,,https://github.com/earthhologenome/EHI_bioinformatics/blob/main/0_Code/1_Preprocess_QC.snakefile,Calotriton asper,EHI,2024-05-28,EHI02607_G.bam,EHI02607_M_1.fq.gz,EHI02607_M_2.fq.gz,https://github.com/earthhologenome/EHI_bioinformatics,43.03,-1.18,,"43.03,-1.18",200.0,Nafarroa,Faecal,3382511423.0,"EHA04400,EHA04479",EHA04400,2,223,0.8683,0.8789,2753056140,0.9994,8703230160,18.8963,0.04,,31.633%,223,2,Assembly + MAGs,https://sid.erda.dk/share_redirect/BaMZodj9sA/PPR/PRB0237/EHI02607_G.bam,Male,Urodela,Amphibia,Spain,SD0385201,SD0385201,"ABB0490,ABB0495",,https://sid.erda.dk/share_redirect/BaMZodj9sA/PPR/PRB0237/EHI02607_M_1.fq.gz,https://sid.erda.dk/share_redirect/BaMZodj9sA/PPR/PRB0237/EHI02607_M_2.fq.gz,https://sid.erda.dk/share_redirect/BaMZodj9sA/PPR/PRB0237/EHI02607_G.bam,1,1,Garazi Martin,https://ftp.ncbi.nlm.nih.gov/genomes/all/GCA/026/652/325/GCA_026652325.1_ASM2665232v1/GCA_026652325.1_ASM2665232v1_genomic.fna.gz,
PR03307,PRB0237,EHI02612,EHI02612,AJP66E1L1I1,AJP66E1L1I1,AJP66,ERR13998524,3.37,Calotriton asper,G0047,G0047,Pleurodeles waltl,Other,1,EHI02612G1,EHI02612M1,3307,03307,22469850,21947550,3370477500,3232874540,2298168,60439183,1076,3232703730,170810,2%,4%,0.041,2%,0%,0.0%,78.55,3533805,9.40,0.05,42,AJP66E1L1I1,,ERR13998524,ERS22453888,ERX13399677,,https://github.com/earthhologenome/EHI_bioinformatics/blob/main/0_Code/1_Preprocess_QC.snakefile,Calotriton asper,EHI,2024-05-28,EHI02612_G.bam,EHI02612_M_1.fq.gz,EHI02612_M_2.fq.gz,https://github.com/earthhologenome/EHI_bioinformatics,43,-1.17,,"43,-1.17",76.1,Nafarroa,Faecal,2401418025.0,"EHA04401,EHA04477",EHA04401,2,243,0.8281,0.8416,1616351991,0.9994,6266848131,18.5113,0.03,,25.792%,243,2,Assembly + MAGs,https://sid.erda.dk/share_redirect/BaMZodj9sA/PPR/PRB0237/EHI02612_G.bam,Male,Urodela,Amphibia,Spain,SD0383301,SD0383301,"ABB0490,ABB0494",,https://sid.erda.dk/share_redirect/BaMZodj9sA/PPR/PRB0237/EHI02612_M_1.fq.gz,https://sid.erda.dk/share_redirect/BaMZodj9sA/PPR/PRB0237/EHI02612_M_2.fq.gz,https://sid.erda.dk/share_redirect/BaMZodj9sA/PPR/PRB0237/EHI02612_G.bam,1,1,Garazi Martin,https://ftp.ncbi.nlm.nih.gov/genomes/all/GCA/026/652/325/GCA_026652325.1_ASM2665232v1/GCA_026652325.1_ASM2665232v1_genomic.fna.gz,
PR03308,PRB0237,EHI02615,EHI02615,AJP39E1L1I1,AJP39E1L1I1,AJP39,ERR13998521,2.47,Calotriton asper,G0047,G0047,Pleurodeles waltl,Other,1,EHI02615G1,EHI02615M1,3308,03308,16489502,15691650,2473425300,2284026086,2488885,73118184,2450,2283674487,351599,5%,8%,0.077,3%,0%,0.0%,65.20,3221469,5.55,0.14,45,AJP39E1L1I1,,ERR13998521,ERS22453885,ERX13399674,,https://github.com/earthhologenome/EHI_bioinformatics/blob/main/0_Code/1_Preprocess_QC.snakefile,Calotriton asper,EHI,2024-05-28,EHI02615_G.bam,EHI02615_M_1.fq.gz,EHI02615_M_2.fq.gz,https://github.com/earthhologenome/EHI_bioinformatics,43.03,-1.18,,"43.03,-1.18",88.8,Nafarroa,Faecal,1354340112.0,"EHA04402,EHA04484",EHA04402,2,191,0.7180,0.7387,1141826804,0.9995,9651248296,19.3060,0.01,,11.831%,191,2,Assembly + MAGs,https://sid.erda.dk/share_redirect/BaMZodj9sA/PPR/PRB0237/EHI02615_G.bam,Female,Urodela,Amphibia,Spain,SD0384901,SD0384901,"ABB0490,ABB0495",,https://sid.erda.dk/share_redirect/BaMZodj9sA/PPR/PRB0237/EHI02615_M_1.fq.gz,https://sid.erda.dk/share_redirect/BaMZodj9sA/PPR/PRB0237/EHI02615_M_2.fq.gz,https://sid.erda.dk/share_redirect/BaMZodj9sA/PPR/PRB0237/EHI02615_G.bam,1,1,Garazi Martin,https://ftp.ncbi.nlm.nih.gov/genomes/all/GCA/026/652/325/GCA_026652325.1_ASM2665232v1/GCA_026652325.1_ASM2665232v1_genomic.fna.gz,
PR03309,PRB0237,EHI02617,EHI02617,AJP68E1L1I1,AJP68E1L1I1,AJP68,ERR13998535,4.47,Calotriton asper,G0047,G0047,Pleurodeles waltl,Other,1,EHI02617G1,EHI02617M1,3309,03309,29826354,29023382,4473953100,4278174910,2880674,77836106,1384,4277931444,243466,3%,4%,0.044,2%,0%,0.0%,65.99,3249874,30.53,0.07,47,AJP68E1L1I1,,ERR13998535,ERS22453899,ERX13399688,,https://github.com/earthhologenome/EHI_bioinformatics/blob/main/0_Code/1_Preprocess_QC.snakefile,Calotriton asper,EHI,2024-05-28,EHI02617_G.bam,EHI02617_M_1.fq.gz,EHI02617_M_2.fq.gz,https://github.com/earthhologenome/EHI_bioinformatics,43.14,-1.91,,"43.14,-1.91",176.6,Gipuzkoa,Faecal,2632071129.0,"EHA04403,EHA04491",EHA04403,2,184,0.8145,0.8290,2138963736,0.9955,21944342816,18.9031,0.05,,9.747%,184,2,Assembly + MAGs,https://sid.erda.dk/share_redirect/BaMZodj9sA/PPR/PRB0237/EHI02617_G.bam,Male,Urodela,Amphibia,Spain,SD0385801,SD0385801,"ABB0490,ABB0496",,https://sid.erda.dk/share_redirect/BaMZodj9sA/PPR/PRB0237/EHI02617_M_1.fq.gz,https://sid.erda.dk/share_redirect/BaMZodj9sA/PPR/PRB0237/EHI02617_M_2.fq.gz,https://sid.erda.dk/share_redirect/BaMZodj9sA/PPR/PRB0237/EHI02617_G.bam,1,1,Garazi Martin,https://ftp.ncbi.nlm.nih.gov/genomes/all/GCA/026/652/325/GCA_026652325.1_ASM2665232v1/GCA_026652325.1_ASM2665232v1_genomic.fna.gz,
PR03310,PRB0237,EHI02619,EHI02619,AJP59E1L1I1,AJP59E1L1I1,AJP59,ERR13998654,5.06,Calotriton asper,G0047,G0047,Pleurodeles waltl,Other,1,EHI02619G1,EHI02619M1,3310,03310,33723774,32674142,5058566100,4829294262,2819246,73343791,516,4829207979,86283,3%,5%,0.045,1%,0%,0.0%,74.38,3531710,3.86,0.02,49,AJP59E1L1I1,,ERR13998654,ERS22455844,ERX13399807,,https://github.com/earthhologenome/EHI_bioinformatics/blob/main/0_Code/1_Preprocess_QC.snakefile,Calotriton asper,EHI,2024-05-28,EHI02619_G.bam,EHI02619_M_1.fq.gz,EHI02619_M_2.fq.gz,https://github.com/earthhologenome/EHI_bioinformatics,43.16,-1.91,,"43.16,-1.91",45.8,Nafarroa,Faecal,3413373533.0,"EHA04404,EHA04501",EHA04404,2,274,0.8651,0.8759,2414604914,0.9996,6230642254,18.9663,0.06,,38.754%,274,2,Assembly + MAGs,https://sid.erda.dk/share_redirect/BaMZodj9sA/PPR/PRB0237/EHI02619_G.bam,Male,Urodela,Amphibia,Spain,SD0384201,SD0384201,"ABB0490,ABB0497",,https://sid.erda.dk/share_redirect/BaMZodj9sA/PPR/PRB0237/EHI02619_M_1.fq.gz,https://sid.erda.dk/share_redirect/BaMZodj9sA/PPR/PRB0237/EHI02619_M_2.fq.gz,https://sid.erda.dk/share_redirect/BaMZodj9sA/PPR/PRB0237/EHI02619_G.bam,1,1,Garazi Martin,https://ftp.ncbi.nlm.nih.gov/genomes/all/GCA/026/652/325/GCA_026652325.1_ASM2665232v1/GCA_026652325.1_ASM2665232v1_genomic.fna.gz,
PR03311,PRB0237,EHI02624,EHI02624,AJP61E1L1I1,AJP61E1L1I1,AJP61,ERR13998655,4.70,Calotriton asper,G0047,G0047,Pleurodeles waltl,Other,1,EHI02624G1,EHI02624M1,3311,03311,31305108,30573420,4695766200,4488036474,3763686,100133459,2235,4487685190,351284,2%,4%,0.044,2%,0%,0.0%,70.30,3025881,11.38,0.04,54,AJP61E1L1I1,,ERR13998655,ERS22455845,ERX13399808,,https://github.com/earthhologenome/EHI_bioinformatics/blob/main/0_Code/1_Preprocess_QC.snakefile,Calotriton asper,EHI,2024-05-28,EHI02624_G.bam,EHI02624_M_1.fq.gz,EHI02624_M_2.fq.gz,https://github.com/earthhologenome/EHI_bioinformatics,43.03,-1.18,,"43.03,-1.18",121.9,Nafarroa,Faecal,2897550943.0,"EHA04405,EHA04480",EHA04405,2,213,0.8288,0.8422,2243844698,0.9995,9075174654,19.1002,0.03,,24.725%,213,2,Assembly + MAGs,https://sid.erda.dk/share_redirect/BaMZodj9sA/PPR/PRB0237/EHI02624_G.bam,Male,Urodela,Amphibia,Spain,SD0384801,SD0384801,"ABB0490,ABB0495",,https://sid.erda.dk/share_redirect/BaMZodj9sA/PPR/PRB0237/EHI02624_M_1.fq.gz,https://sid.erda.dk/share_redirect/BaMZodj9sA/PPR/PRB0237/EHI02624_M_2.fq.gz,https://sid.erda.dk/share_redirect/BaMZodj9sA/PPR/PRB0237/EHI02624_G.bam,1,1,Garazi Martin,https://ftp.ncbi.nlm.nih.gov/genomes/all/GCA/026/652/325/GCA_026652325.1_ASM2665232v1/GCA_026652325.1_ASM2665232v1_genomic.fna.gz,
PR03312,PRB0237,EHI02625,EHI02625,AJP65E1L1I1,AJP65E1L1I1,AJP65,ERR13998522,2.65,Calotriton asper,G0047,G0047,Pleurodeles waltl,Other,1,EHI02625G1,EHI02625M1,3312,03312,17687404,17267788,2653110600,2536134769,2077512,54917547,131,2536111266,23503,2%,4%,0.044,2%,0%,0.0%,77.12,4166760,20.01,0.09,55,AJP65E1L1I1,,ERR13998522,ERS22453886,ERX13399675,,https://github.com/earthhologenome/EHI_bioinformatics/blob/main/0_Code/1_Preprocess_QC.snakefile,Calotriton asper,EHI,2024-05-28,EHI02625_G.bam,EHI02625_M_1.fq.gz,EHI02625_M_2.fq.gz,https://github.com/earthhologenome/EHI_bioinformatics,43.16,-1.91,,"43.16,-1.91",200.0,Nafarroa,Faecal,1924368036.0,"EHA04406,EHA04499",EHA04406,2,239,0.9046,0.9124,1268047234,0.9977,655510943,16.5257,0.02,,193.444%,239,2,Assembly + MAGs,https://sid.erda.dk/share_redirect/BaMZodj9sA/PPR/PRB0237/EHI02625_G.bam,Male,Urodela,Amphibia,Spain,SD0383901,SD0383901,"ABB0490,ABB0497",,https://sid.erda.dk/share_redirect/BaMZodj9sA/PPR/PRB0237/EHI02625_M_1.fq.gz,https://sid.erda.dk/share_redirect/BaMZodj9sA/PPR/PRB0237/EHI02625_M_2.fq.gz,https://sid.erda.dk/share_redirect/BaMZodj9sA/PPR/PRB0237/EHI02625_G.bam,1,1,Garazi Martin,https://ftp.ncbi.nlm.nih.gov/genomes/all/GCA/026/652/325/GCA_026652325.1_ASM2665232v1/GCA_026652325.1_ASM2665232v1_genomic.fna.gz,
PR03313,PRB0237,EHI02630,EHI02630,AJP60E1L1I1,AJP60E1L1I1,AJP60,ERR13998531,4.37,Calotriton asper,G0047,G0047,Pleurodeles waltl,Other,1,EHI02630G1,EHI02630M1,3313,03313,29121346,28285742,4368201900,4168764006,2849923,75820664,1737,4168505140,258866,3%,5%,0.046,2%,0%,0.0%,69.57,3603438,14.29,0.08,60,AJP60E1L1I1,,ERR13998531,ERS22453895,ERX13399684,,https://github.com/earthhologenome/EHI_bioinformatics/blob/main/0_Code/1_Preprocess_QC.snakefile,Calotriton asper,EHI,2024-05-28,EHI02630_G.bam,EHI02630_M_1.fq.gz,EHI02630_M_2.fq.gz,https://github.com/earthhologenome/EHI_bioinformatics,43.16,-1.91,,"43.16,-1.91",192.7,Nafarroa,Faecal,2722174009.0,"EHA04407,EHA04502",EHA04407,2,263,0.8416,0.8542,2084246184,0.9997,6796123283,18.9396,0.05,,30.668%,263,2,Assembly + MAGs,https://sid.erda.dk/share_redirect/BaMZodj9sA/PPR/PRB0237/EHI02630_G.bam,Male,Urodela,Amphibia,Spain,SD0384301,SD0384301,"ABB0490,ABB0497",,https://sid.erda.dk/share_redirect/BaMZodj9sA/PPR/PRB0237/EHI02630_M_1.fq.gz,https://sid.erda.dk/share_redirect/BaMZodj9sA/PPR/PRB0237/EHI02630_M_2.fq.gz,https://sid.erda.dk/share_redirect/BaMZodj9sA/PPR/PRB0237/EHI02630_G.bam,1,1,Garazi Martin,https://ftp.ncbi.nlm.nih.gov/genomes/all/GCA/026/652/325/GCA_026652325.1_ASM2665232v1/GCA_026652325.1_ASM2665232v1_genomic.fna.gz,
PR03314,PRB0237,EHI02632,EHI02632,AJP45E1L1I1,AJP45E1L1I1,AJP45,ERR13998533,4.72,Calotriton asper,G0047,G0047,Pleurodeles waltl,Other,1,EHI02632G1,EHI02632M1,3314,03314,31487016,29564630,4723052400,4350485732,3274251,87817167,4580,4349736893,748839,6%,8%,0.079,2%,0%,0.0%,67.64,2103621,13.91,0.04,62,AJP45E1L1I1,,ERR13998533,ERS22453897,ERX13399686,,https://github.com/earthhologenome/EHI_bioinformatics/blob/main/0_Code/1_Preprocess_QC.snakefile,Calotriton asper,EHI,2024-05-28,EHI02632_G.bam,EHI02632_M_1.fq.gz,EHI02632_M_2.fq.gz,https://github.com/earthhologenome/EHI_bioinformatics,43.03,-1.18,,"43.03,-1.18",82.6,Nafarroa,Faecal,2693129170.0,"EHA04408,EHA04483",EHA04408,2,203,0.8430,0.8555,2174857245,0.9995,12984309811,18.2690,0.07,,16.75%,203,2,Assembly + MAGs,https://sid.erda.dk/share_redirect/BaMZodj9sA/PPR/PRB0237/EHI02632_G.bam,Male,Urodela,Amphibia,Spain,SD0384701,SD0384701,"ABB0490,ABB0495",,https://sid.erda.dk/share_redirect/BaMZodj9sA/PPR/PRB0237/EHI02632_M_1.fq.gz,https://sid.erda.dk/share_redirect/BaMZodj9sA/PPR/PRB0237/EHI02632_M_2.fq.gz,https://sid.erda.dk/share_redirect/BaMZodj9sA/PPR/PRB0237/EHI02632_G.bam,1,1,Garazi Martin,https://ftp.ncbi.nlm.nih.gov/genomes/all/GCA/026/652/325/GCA_026652325.1_ASM2665232v1/GCA_026652325.1_ASM2665232v1_genomic.fna.gz,
PR03315,PRB0237,EHI02633,EHI02633,AJP44E1L1I1,AJP44E1L1I1,AJP44,ERR13998660,7.14,Calotriton asper,G0047,G0047,Pleurodeles waltl,Other,1,EHI02633G1,EHI02633M1,3315,03315,47586394,46457838,7137959100,6859876395,4447174,113383745,5159,6858973267,903128,2%,4%,0.039,2%,0%,0.0%,74.47,3388548,5.17,0.01,63,AJP44E1L1I1,,ERR13998660,ERS22455850,ERX13399813,,https://github.com/earthhologenome/EHI_bioinformatics/blob/main/0_Code/1_Preprocess_QC.snakefile,Calotriton asper,EHI,2024-05-28,EHI02633_G.bam,EHI02633_M_1.fq.gz,EHI02633_M_2.fq.gz,https://github.com/earthhologenome/EHI_bioinformatics,43.16,-1.91,,"43.16,-1.91",11.8,Nafarroa,Faecal,4896413412.0,"EHA04409,EHA04497",EHA04409,2,287,0.8815,0.8911,3429477729,0.9997,8021735492,18.9826,0.09,,42.752%,287,2,Assembly + MAGs,https://sid.erda.dk/share_redirect/BaMZodj9sA/PPR/PRB0237/EHI02633_G.bam,Male,Urodela,Amphibia,Spain,SD0383801,SD0383801,"ABB0490,ABB0497",,https://sid.erda.dk/share_redirect/BaMZodj9sA/PPR/PRB0237/EHI02633_M_1.fq.gz,https://sid.erda.dk/share_redirect/BaMZodj9sA/PPR/PRB0237/EHI02633_M_2.fq.gz,https://sid.erda.dk/share_redirect/BaMZodj9sA/PPR/PRB0237/EHI02633_G.bam,1,1,Garazi Martin,https://ftp.ncbi.nlm.nih.gov/genomes/all/GCA/026/652/325/GCA_026652325.1_ASM2665232v1/GCA_026652325.1_ASM2665232v1_genomic.fna.gz,
PR03316,PRB0237,EHI02639,EHI02639,AJP63E1L1I1,AJP63E1L1I1,AJP63,ERR13998540,10.67,Calotriton asper,G0047,G0047,Pleurodeles waltl,Other,1,EHI02639G1,EHI02639M1,3316,03316,71144786,69348342,10671717900,10203150298,7916901,200454826,6237,10202024014,1126284,3%,4%,0.044,2%,0%,0.0%,71.04,3086019,19.47,0.02,69,AJP63E1L1I1,,ERR13998540,ERS22453904,ERX13399693,,https://github.com/earthhologenome/EHI_bioinformatics/blob/main/0_Code/1_Preprocess_QC.snakefile,Calotriton asper,EHI,2024-05-28,EHI02639_G.bam,EHI02639_M_1.fq.gz,EHI02639_M_2.fq.gz,https://github.com/earthhologenome/EHI_bioinformatics,43.16,-1.91,,"43.16,-1.91",18.1,Nafarroa,Faecal,6886750129.0,"EHA04410,EHA04498",EHA04410,2,314,0.9001,0.9083,5100986559,0.9998,7914353226,18.8498,0.05,,64.452%,314,2,Assembly + MAGs,https://sid.erda.dk/share_redirect/BaMZodj9sA/PPR/PRB0237/EHI02639_G.bam,Male,Urodela,Amphibia,Spain,SD0384101,SD0384101,"ABB0490,ABB0497",,https://sid.erda.dk/share_redirect/BaMZodj9sA/PPR/PRB0237/EHI02639_M_1.fq.gz,https://sid.erda.dk/share_redirect/BaMZodj9sA/PPR/PRB0237/EHI02639_M_2.fq.gz,https://sid.erda.dk/share_redirect/BaMZodj9sA/PPR/PRB0237/EHI02639_G.bam,1,1,Garazi Martin,https://ftp.ncbi.nlm.nih.gov/genomes/all/GCA/026/652/325/GCA_026652325.1_ASM2665232v1/GCA_026652325.1_ASM2665232v1_genomic.fna.gz,
PR03317,PRB0237,EHI02693,EHI02693,AKD76E1L1I1,AKD76E1L1I1,AKD76,,6.90,Calotriton asper,G0047,G0047,Pleurodeles waltl,Other,1,EHI02693G1,EHI02693M1,3317,03317,45997632,44747100,6899644800,6532562372,6721046,200078335,501419,6434592808,97969564,3%,5%,0.053,3%,1%,1.1%,2.04,3999014,7.46,0.03,74,AKD76E1L1I1,,,,,,https://github.com/earthhologenome/EHI_bioinformatics/blob/main/0_Code/1_Preprocess_QC.snakefile,Calotriton asper,EHI,2024-05-28,EHI02693_G.bam,EHI02693_M_1.fq.gz,EHI02693_M_2.fq.gz,https://github.com/earthhologenome/EHI_bioinformatics,43.14,-1.91,,"43.14,-1.91",13.9,Gipuzkoa,Skin swab: dorsal,112418090.0,"EHA04411,EHA04832",,2,66,0.5566,0.5853,3217252205,0.9969,31428626474003,20.2359,0.08,,0.01%,66,2,Assembly + MAGs,https://sid.erda.dk/share_redirect/BaMZodj9sA/PPR/PRB0237/EHI02693_G.bam,Male,Urodela,Amphibia,Spain,SD0385901,SD0385901,"ABB0491,ABB0584",,https://sid.erda.dk/share_redirect/BaMZodj9sA/PPR/PRB0237/EHI02693_M_1.fq.gz,https://sid.erda.dk/share_redirect/BaMZodj9sA/PPR/PRB0237/EHI02693_M_2.fq.gz,https://sid.erda.dk/share_redirect/BaMZodj9sA/PPR/PRB0237/EHI02693_G.bam,0,2,Garazi Martin,https://ftp.ncbi.nlm.nih.gov/genomes/all/GCA/026/652/325/GCA_026652325.1_ASM2665232v1/GCA_026652325.1_ASM2665232v1_genomic.fna.gz,
PR03318,PRB0237,EHI02694,EHI02694,AKD80E1L1I1,AKD80E1L1I1,AKD80,,3.68,Calotriton asper,G0047,G0047,Pleurodeles waltl,Other,1,EHI02694G1,EHI02694M1,3318,03318,24551142,23580262,3682671300,3452493048,3067824,100281432,266389,3399210437,53282611,4%,6%,0.063,3%,2%,1.1%,0.36,3722107,16.72,0.03,77,AKD80E1L1I1,,,,,,https://github.com/earthhologenome/EHI_bioinformatics/blob/main/0_Code/1_Preprocess_QC.snakefile,Calotriton asper,EHI,2024-05-28,EHI02694_G.bam,EHI02694_M_1.fq.gz,EHI02694_M_2.fq.gz,https://github.com/earthhologenome/EHI_bioinformatics,43.14,-1.91,,"43.14,-1.91",12.3,Gipuzkoa,Skin swab: dorsal,5581569.0,"EHA04412,EHA04833",,2,66,0.5098,0.5402,1699580558,0.9980,20621439170166,20.0731,0.06,,0.008%,66,2,Assembly + MAGs,https://sid.erda.dk/share_redirect/BaMZodj9sA/PPR/PRB0237/EHI02694_G.bam,Male,Urodela,Amphibia,Spain,SD0385601,SD0385601,"ABB0491,ABB0584",,https://sid.erda.dk/share_redirect/BaMZodj9sA/PPR/PRB0237/EHI02694_M_1.fq.gz,https://sid.erda.dk/share_redirect/BaMZodj9sA/PPR/PRB0237/EHI02694_M_2.fq.gz,https://sid.erda.dk/share_redirect/BaMZodj9sA/PPR/PRB0237/EHI02694_G.bam,0,2,Garazi Martin,https://ftp.ncbi.nlm.nih.gov/genomes/all/GCA/026/652/325/GCA_026652325.1_ASM2665232v1/GCA_026652325.1_ASM2665232v1_genomic.fna.gz,
PR03319,PRB0237,EHI02695,EHI02695,AKD77E1L1I1,AKD77E1L1I1,AKD77,,11.36,Calotriton asper,G0047,G0047,Pleurodeles waltl,Other,1,EHI02695G1,EHI02695M1,3319,03319,75730404,73348448,11359560600,10726931823,10162834,318828539,808794,10566875544,160056279,3%,6%,0.056,3%,1%,1.1%,1.81,3780402,14.12,0.03,198,AKD77E1L1I1,,,,,,https://github.com/earthhologenome/EHI_bioinformatics/blob/main/0_Code/1_Preprocess_QC.snakefile,Calotriton asper,EHI,2024-05-28,EHI02695_G.bam,EHI02695_M_1.fq.gz,EHI02695_M_2.fq.gz,https://github.com/earthhologenome/EHI_bioinformatics,43.14,-1.91,,"43.14,-1.91",4.6,Gipuzkoa,Skin swab: ventral,168364664.0,"EHA04413,EHA04834",,2,66,0.6672,0.6908,5283382666,0.9949,9412612124760,19.8652,0.14,,0.056%,66,2,Assembly + MAGs,https://sid.erda.dk/share_redirect/BaMZodj9sA/PPR/PRB0237/EHI02695_G.bam,Male,Urodela,Amphibia,Spain,SD0385901,SD0385901,"ABB0491,ABB0584",,https://sid.erda.dk/share_redirect/BaMZodj9sA/PPR/PRB0237/EHI02695_M_1.fq.gz,https://sid.erda.dk/share_redirect/BaMZodj9sA/PPR/PRB0237/EHI02695_M_2.fq.gz,https://sid.erda.dk/share_redirect/BaMZodj9sA/PPR/PRB0237/EHI02695_G.bam,0,2,Garazi Martin,https://ftp.ncbi.nlm.nih.gov/genomes/all/GCA/026/652/325/GCA_026652325.1_ASM2665232v1/GCA_026652325.1_ASM2665232v1_genomic.fna.gz,
PR03320,PRB0237,EHI02696,EHI02696,AKD82E1L1I1,AKD82E1L1I1,AKD82,,11.44,Calotriton asper,G0047,G0047,Pleurodeles waltl,Other,1,EHI02696G1,EHI02696M1,3320,03320,76266110,74042446,11439916500,10846099887,10219913,289772303,195340,10807995953,38103934,3%,5%,0.052,3%,0%,0.3%,40.48,3327592,11.04,0.04,200,AKD82E1L1I1,,,,,,https://github.com/earthhologenome/EHI_bioinformatics/blob/main/0_Code/1_Preprocess_QC.snakefile,Calotriton asper,EHI,2024-05-28,EHI02696_G.bam,EHI02696_M_1.fq.gz,EHI02696_M_2.fq.gz,https://github.com/earthhologenome/EHI_bioinformatics,43,-1.17,,"43,-1.17",2.0,Nafarroa,Skin swab: dorsal,4187001808.0,"EHA04414,EHA04835",,2,66,0.8057,0.8208,5403978699,0.9993,42629797612,19.7938,0.16,,12.677%,66,2,Assembly + MAGs,https://sid.erda.dk/share_redirect/BaMZodj9sA/PPR/PRB0237/EHI02696_G.bam,Male,Urodela,Amphibia,Spain,SD0383401,SD0383401,"ABB0491,ABB0584",,https://sid.erda.dk/share_redirect/BaMZodj9sA/PPR/PRB0237/EHI02696_M_1.fq.gz,https://sid.erda.dk/share_redirect/BaMZodj9sA/PPR/PRB0237/EHI02696_M_2.fq.gz,https://sid.erda.dk/share_redirect/BaMZodj9sA/PPR/PRB0237/EHI02696_G.bam,0,2,Garazi Martin,https://ftp.ncbi.nlm.nih.gov/genomes/all/GCA/026/652/325/GCA_026652325.1_ASM2665232v1/GCA_026652325.1_ASM2665232v1_genomic.fna.gz,
PR03321,PRB0237,EHI02697,EHI02697,AKD86E1L1I1,AKD86E1L1I1,AKD86,,6.31,Calotriton asper,G0047,G0047,Pleurodeles waltl,Other,1,EHI02697G1,EHI02697M1,3321,03321,42061632,40495940,6309244800,5926359774,5485437,177223462,429040,5841541468,84818306,4%,6%,0.061,3%,1%,1.1%,8.15,4053660,11.64,0.04,201,AKD86E1L1I1,,,,,,https://github.com/earthhologenome/EHI_bioinformatics/blob/main/0_Code/1_Preprocess_QC.snakefile,Calotriton asper,EHI,2024-05-28,EHI02697_G.bam,EHI02697_M_1.fq.gz,EHI02697_M_2.fq.gz,https://github.com/earthhologenome/EHI_bioinformatics,43.03,-1.18,,"43.03,-1.18",3.5,Nafarroa,Skin swab: dorsal,437603503.0,"EHA04415,EHA04836",,2,66,0.6081,0.6347,2920733065,0.9946,7776076351678,20.0175,0.12,,0.038%,66,2,Assembly + MAGs,https://sid.erda.dk/share_redirect/BaMZodj9sA/PPR/PRB0237/EHI02697_G.bam,Male,Urodela,Amphibia,Spain,SD0384801,SD0384801,"ABB0491,ABB0584",,https://sid.erda.dk/share_redirect/BaMZodj9sA/PPR/PRB0237/EHI02697_M_1.fq.gz,https://sid.erda.dk/share_redirect/BaMZodj9sA/PPR/PRB0237/EHI02697_M_2.fq.gz,https://sid.erda.dk/share_redirect/BaMZodj9sA/PPR/PRB0237/EHI02697_G.bam,0,2,Garazi Martin,https://ftp.ncbi.nlm.nih.gov/genomes/all/GCA/026/652/325/GCA_026652325.1_ASM2665232v1/GCA_026652325.1_ASM2665232v1_genomic.fna.gz,
PR03322,PRB0237,EHI02698,EHI02698,AKD81E1L1I1,AKD81E1L1I1,AKD81,,12.33,Calotriton asper,G0047,G0047,Pleurodeles waltl,Other,1,EHI02698G1,EHI02698M1,3322,03322,82186346,78882360,12327951900,11524462637,11614886,372322908,820093,11362925785,161536852,4%,7%,0.065,3%,1%,1.0%,7.95,4236196,14.04,0.05,204,AKD81E1L1I1,,,,,,https://github.com/earthhologenome/EHI_bioinformatics/blob/main/0_Code/1_Preprocess_QC.snakefile,Calotriton asper,EHI,2024-05-28,EHI02698_G.bam,EHI02698_M_1.fq.gz,EHI02698_M_2.fq.gz,https://github.com/earthhologenome/EHI_bioinformatics,43.14,-1.91,,"43.14,-1.91",4.1,Gipuzkoa,Skin swab: ventral,854833265.0,"EHA04416,EHA04837",,2,66,0.6958,0.7178,5681368306,0.9928,3815843186982,19.9913,0.16,,0.149%,66,2,Assembly + MAGs,https://sid.erda.dk/share_redirect/BaMZodj9sA/PPR/PRB0237/EHI02698_G.bam,Male,Urodela,Amphibia,Spain,SD0385601,SD0385601,"ABB0491,ABB0584",,https://sid.erda.dk/share_redirect/BaMZodj9sA/PPR/PRB0237/EHI02698_M_1.fq.gz,https://sid.erda.dk/share_redirect/BaMZodj9sA/PPR/PRB0237/EHI02698_M_2.fq.gz,https://sid.erda.dk/share_redirect/BaMZodj9sA/PPR/PRB0237/EHI02698_G.bam,0,2,Garazi Martin,https://ftp.ncbi.nlm.nih.gov/genomes/all/GCA/026/652/325/GCA_026652325.1_ASM2665232v1/GCA_026652325.1_ASM2665232v1_genomic.fna.gz,
PR03540,PRB0253,EHI02951,EHI02951,AKE18E1L1I1,AKE18E1L1I1,AKE18,,4.10,Calotriton asper,G0047,G0047,Pleurodeles waltl,Other,1,EHI02951G1,EHI02951M1,3540,03540,27304564,26231760,4095684600,3813069342,4198074,143114332,306385,3753777520,59291822,4%,7%,0.069,3%,2%,1.2%,2.94,4473117,5.68,0.05,250,AKE18E1L1I1,,,,,,https://github.com/earthhologenome/EHI_bioinformatics/blob/main/0_Code/1_Preprocess_QC.snakefile,Calotriton asper,EHI,2024-08-22,EHI02951_G.bam,EHI02951_M_1.fq.gz,EHI02951_M_2.fq.gz,https://github.com/earthhologenome/EHI_bioinformatics,43.14,-1.91,,"43.14,-1.91",26.2,Gipuzkoa,Skin swab: dorsal,110262339.0,EHA04838,,1,44,0.4789,0.5102,1876846397,0.9977,55433611745656,20.3950,0.04,,0.003%,44,1,Assembly + MAGs,https://sid.erda.dk/share_redirect/BaMZodj9sA/PPR/PRB0253/EHI02951_G.bam,Male,Urodela,Amphibia,Spain,SD0385501,SD0385501,ABB0584,,https://sid.erda.dk/share_redirect/BaMZodj9sA/PPR/PRB0253/EHI02951_M_1.fq.gz,https://sid.erda.dk/share_redirect/BaMZodj9sA/PPR/PRB0253/EHI02951_M_2.fq.gz,https://sid.erda.dk/share_redirect/BaMZodj9sA/PPR/PRB0253/EHI02951_G.bam,0,1,Garazi Martin,https://ftp.ncbi.nlm.nih.gov/genomes/all/GCA/026/652/325/GCA_026652325.1_ASM2665232v1/GCA_026652325.1_ASM2665232v1_genomic.fna.gz,
PR03541,PRB0253,EHI02952,EHI02952,AKE14E1L1I1,AKE14E1L1I1,AKE14,,4.05,Calotriton asper,G0047,G0047,Pleurodeles waltl,Other,1,EHI02952G1,EHI02952M1,3541,03541,27010052,26062728,4051507800,3761076344,5154845,173451641,252991,3714933829,46142515,4%,7%,0.072,4%,1%,1.0%,17.97,4495303,3.19,0.09,251,AKE14E1L1I1,,,,,,,Calotriton asper,,2024-08-22,EHI02952_G.bam,EHI02952_M_1.fq.gz,EHI02952_M_2.fq.gz,,43.03,-1.18,,"43.03,-1.18",6.0,Nafarroa,Skin swab: dorsal,667597485.0,EHA04839,,1,44,0.5591,0.5877,1857430687,0.9988,2175287095034,19.9099,0.06,,0.085%,44,1,Assembly + MAGs,https://sid.erda.dk/share_redirect/BaMZodj9sA/PPR/PRB0253/EHI02952_G.bam,Male,Urodela,Amphibia,Spain,SD0385201,SD0385201,ABB0584,,https://sid.erda.dk/share_redirect/BaMZodj9sA/PPR/PRB0253/EHI02952_M_1.fq.gz,https://sid.erda.dk/share_redirect/BaMZodj9sA/PPR/PRB0253/EHI02952_M_2.fq.gz,https://sid.erda.dk/share_redirect/BaMZodj9sA/PPR/PRB0253/EHI02952_G.bam,0,1,Garazi Martin,https://ftp.ncbi.nlm.nih.gov/genomes/all/GCA/026/652/325/GCA_026652325.1_ASM2665232v1/GCA_026652325.1_ASM2665232v1_genomic.fna.gz,
PR03542,PRB0253,EHI02953,EHI02953,AKE10E1L1I1,AKE10E1L1I1,AKE10,,7.10,Calotriton asper,G0047,G0047,Pleurodeles waltl,Other,1,EHI02953G1,EHI02953M1,3542,03542,47361878,46261044,7104281700,6646508241,10515035,313334542,566634,6544208057,102300184,2%,6%,0.064,4%,2%,1.2%,0.06,3502548,13.01,0.06,252,AKE10E1L1I1,,,,,,,Calotriton asper,,2024-08-22,EHI02953_G.bam,EHI02953_M_1.fq.gz,EHI02953_M_2.fq.gz,,43.14,-1.91,,"43.14,-1.91",107.8,Gipuzkoa,Skin swab: dorsal,4203058.0,EHA04840,,1,44,0.5369,0.5663,3272017817,0.9979,48218271619204,20.2631,0.06,,0.007%,44,1,Assembly + MAGs,https://sid.erda.dk/share_redirect/BaMZodj9sA/PPR/PRB0253/EHI02953_G.bam,Male,Urodela,Amphibia,Spain,SD0385301,SD0385301,ABB0584,,https://sid.erda.dk/share_redirect/BaMZodj9sA/PPR/PRB0253/EHI02953_M_1.fq.gz,https://sid.erda.dk/share_redirect/BaMZodj9sA/PPR/PRB0253/EHI02953_M_2.fq.gz,https://sid.erda.dk/share_redirect/BaMZodj9sA/PPR/PRB0253/EHI02953_G.bam,0,1,Garazi Martin,https://ftp.ncbi.nlm.nih.gov/genomes/all/GCA/026/652/325/GCA_026652325.1_ASM2665232v1/GCA_026652325.1_ASM2665232v1_genomic.fna.gz,
PR03543,PRB0253,EHI02954,EHI02954,AKE17E1L1I1,AKE17E1L1I1,AKE17,,3.83,Calotriton asper,G0047,G0047,Pleurodeles waltl,Other,1,EHI02954G1,EHI02954M1,3543,03543,25531590,24668044,3829738500,3601070161,3588293,113824348,276234,3547414251,53655910,3%,6%,0.060,3%,1%,1.1%,6.44,3635658,5.69,0.02,253,AKE17E1L1I1,,,,,,,Calotriton asper,,2024-08-22,EHI02954_G.bam,EHI02954_M_1.fq.gz,EHI02954_M_2.fq.gz,,43,-1.17,,"43,-1.17",6.7,Nafarroa,Skin swab: ventral,228573823.0,EHA04841,,1,44,0.4945,0.5253,1773684614,0.9981,29427593333754,20.3346,0.05,,0.006%,44,1,Assembly + MAGs,https://sid.erda.dk/share_redirect/BaMZodj9sA/PPR/PRB0253/EHI02954_G.bam,Male,Urodela,Amphibia,Spain,SD0383001,SD0383001,ABB0584,,https://sid.erda.dk/share_redirect/BaMZodj9sA/PPR/PRB0253/EHI02954_M_1.fq.gz,https://sid.erda.dk/share_redirect/BaMZodj9sA/PPR/PRB0253/EHI02954_M_2.fq.gz,https://sid.erda.dk/share_redirect/BaMZodj9sA/PPR/PRB0253/EHI02954_G.bam,0,1,Garazi Martin,https://ftp.ncbi.nlm.nih.gov/genomes/all/GCA/026/652/325/GCA_026652325.1_ASM2665232v1/GCA_026652325.1_ASM2665232v1_genomic.fna.gz,
PR03544,PRB0253,EHI02955,EHI02955,AKE05E1L1I1,AKE05E1L1I1,AKE05,,4.30,Calotriton asper,G0047,G0047,Pleurodeles waltl,Other,1,EHI02955G1,EHI02955M1,3544,03544,28633682,27747044,4295052300,4032495751,4558458,146400253,304772,3973849997,58645754,3%,6%,0.061,3%,1%,1.1%,6.77,3962667,2.26,0.06,254,AKE05E1L1I1,,,,,,,Calotriton asper,,2024-08-22,EHI02955_G.bam,EHI02955_M_1.fq.gz,EHI02955_M_2.fq.gz,,43,-1.17,,"43,-1.17",6.7,Nafarroa,Skin swab: ventral,269223572.0,EHA04842,,1,44,0.5052,0.5357,1986884037,0.9979,28845950648509,20.3909,0.06,,0.007%,44,1,Assembly + MAGs,https://sid.erda.dk/share_redirect/BaMZodj9sA/PPR/PRB0253/EHI02955_G.bam,Male,Urodela,Amphibia,Spain,SD0382901,SD0382901,ABB0584,,https://sid.erda.dk/share_redirect/BaMZodj9sA/PPR/PRB0253/EHI02955_M_1.fq.gz,https://sid.erda.dk/share_redirect/BaMZodj9sA/PPR/PRB0253/EHI02955_M_2.fq.gz,https://sid.erda.dk/share_redirect/BaMZodj9sA/PPR/PRB0253/EHI02955_G.bam,0,1,Garazi Martin,https://ftp.ncbi.nlm.nih.gov/genomes/all/GCA/026/652/325/GCA_026652325.1_ASM2665232v1/GCA_026652325.1_ASM2665232v1_genomic.fna.gz,
PR03545,PRB0253,EHI02956,EHI02956,AKE20E1L1I1,AKE20E1L1I1,AKE20,,3.70,Calotriton asper,G0047,G0047,Pleurodeles waltl,Other,1,EHI02956G1,EHI02956M1,3545,03545,24671836,23464636,3700775400,3410553960,3854301,130118811,270414,3358477406,52076554,5%,8%,0.078,4%,2%,1.2%,1.83,3273195,13.66,0.04,255,AKE20E1L1I1,,,,,,,Calotriton asper,,2024-08-22,EHI02956_G.bam,EHI02956_M_1.fq.gz,EHI02956_M_2.fq.gz,,43,-1.17,,"43,-1.17",14.7,Nafarroa,Skin swab: dorsal,61601532.0,EHA04843,,1,44,0.4748,0.5061,1679202830,0.9982,63289906499167,20.3194,0.04,,0.003%,44,1,Assembly + MAGs,https://sid.erda.dk/share_redirect/BaMZodj9sA/PPR/PRB0253/EHI02956_G.bam,Male,Urodela,Amphibia,Spain,SD0383201,SD0383201,ABB0584,,https://sid.erda.dk/share_redirect/BaMZodj9sA/PPR/PRB0253/EHI02956_M_1.fq.gz,https://sid.erda.dk/share_redirect/BaMZodj9sA/PPR/PRB0253/EHI02956_M_2.fq.gz,https://sid.erda.dk/share_redirect/BaMZodj9sA/PPR/PRB0253/EHI02956_G.bam,0,1,Garazi Martin,https://ftp.ncbi.nlm.nih.gov/genomes/all/GCA/026/652/325/GCA_026652325.1_ASM2665232v1/GCA_026652325.1_ASM2665232v1_genomic.fna.gz,
PR03546,PRB0253,EHI02957,EHI02957,AKD96E1L1I1,AKD96E1L1I1,AKD96,,3.87,Calotriton asper,G0047,G0047,Pleurodeles waltl,Other,1,EHI02957G1,EHI02957M1,3546,03546,25814420,24870476,3872163000,3616570587,3988427,135124849,282525,3561866456,54704131,4%,7%,0.066,3%,2%,1.1%,2.92,4271660,5.63,0.04,256,AKD96E1L1I1,,,,,,,Calotriton asper,,2024-08-22,EHI02957_G.bam,EHI02957_M_1.fq.gz,EHI02957_M_2.fq.gz,,43.16,-1.91,,"43.16,-1.91",9.3,Nafarroa,Skin swab: dorsal,103929490.0,EHA04844,,1,44,0.4946,0.5254,1780902577,0.9979,41005099459818,20.2961,0.06,,0.004%,44,1,Assembly + MAGs,https://sid.erda.dk/share_redirect/BaMZodj9sA/PPR/PRB0253/EHI02957_G.bam,Male,Urodela,Amphibia,Spain,SD0383901,SD0383901,ABB0584,,https://sid.erda.dk/share_redirect/BaMZodj9sA/PPR/PRB0253/EHI02957_M_1.fq.gz,https://sid.erda.dk/share_redirect/BaMZodj9sA/PPR/PRB0253/EHI02957_M_2.fq.gz,https://sid.erda.dk/share_redirect/BaMZodj9sA/PPR/PRB0253/EHI02957_G.bam,0,1,Garazi Martin,https://ftp.ncbi.nlm.nih.gov/genomes/all/GCA/026/652/325/GCA_026652325.1_ASM2665232v1/GCA_026652325.1_ASM2665232v1_genomic.fna.gz,
PR03547,PRB0253,EHI02981,EHI02981,AKE13E1L1I1,AKE13E1L1I1,AKE13,,4.03,Calotriton asper,G0047,G0047,Pleurodeles waltl,Other,1,EHI02981G1,EHI02981M1,3547,03547,26873712,25744132,4031056800,3753596354,4138508,145464173,274037,3699998215,53598139,4%,7%,0.069,4%,1%,1.1%,6.85,4027644,4.26,0.17,269,AKE13E1L1I1,,,,,,,Calotriton asper,,2024-08-22,EHI02981_G.bam,EHI02981_M_1.fq.gz,EHI02981_M_2.fq.gz,,43.14,-1.91,,"43.14,-1.91",0.0,Gipuzkoa,Skin swab: ventral,253540165.0,EHA04845,,1,44,0.6816,0.7044,1849969411,0.9929,739937758352,19.3356,0.20,,0.25%,44,1,Assembly + MAGs,https://sid.erda.dk/share_redirect/BaMZodj9sA/PPR/PRB0253/EHI02981_G.bam,Male,Urodela,Amphibia,Spain,SD0385401,SD0385401,ABB0584,,https://sid.erda.dk/share_redirect/BaMZodj9sA/PPR/PRB0253/EHI02981_M_1.fq.gz,https://sid.erda.dk/share_redirect/BaMZodj9sA/PPR/PRB0253/EHI02981_M_2.fq.gz,https://sid.erda.dk/share_redirect/BaMZodj9sA/PPR/PRB0253/EHI02981_G.bam,0,1,Garazi Martin,https://ftp.ncbi.nlm.nih.gov/genomes/all/GCA/026/652/325/GCA_026652325.1_ASM2665232v1/GCA_026652325.1_ASM2665232v1_genomic.fna.gz,
PR03548,PRB0253,EHI02982,EHI02982,AKD93E1L1I1,AKD93E1L1I1,AKD93,,5.19,Calotriton asper,G0047,G0047,Pleurodeles waltl,Other,1,EHI02982G1,EHI02982M1,3548,03548,34599038,33476374,5189855700,4870749198,5432281,184666325,371458,4798815577,71933621,3%,6%,0.061,4%,1%,1.1%,3.85,4068304,5.79,0.07,270,AKD93E1L1I1,,,,,,,Calotriton asper,,2024-08-22,EHI02982_G.bam,EHI02982_M_1.fq.gz,EHI02982_M_2.fq.gz,,43.14,-1.91,,"43.14,-1.91",4.5,Gipuzkoa,Skin swab: ventral,184538271.0,EHA04846,,1,44,0.6927,0.7149,2399373231,0.9912,1747103772948,19.3540,0.20,,0.137%,44,1,Assembly + MAGs,https://sid.erda.dk/share_redirect/BaMZodj9sA/PPR/PRB0253/EHI02982_G.bam,Male,Urodela,Amphibia,Spain,SD0385701,SD0385701,ABB0584,,https://sid.erda.dk/share_redirect/BaMZodj9sA/PPR/PRB0253/EHI02982_M_1.fq.gz,https://sid.erda.dk/share_redirect/BaMZodj9sA/PPR/PRB0253/EHI02982_M_2.fq.gz,https://sid.erda.dk/share_redirect/BaMZodj9sA/PPR/PRB0253/EHI02982_G.bam,0,1,Garazi Martin,https://ftp.ncbi.nlm.nih.gov/genomes/all/GCA/026/652/325/GCA_026652325.1_ASM2665232v1/GCA_026652325.1_ASM2665232v1_genomic.fna.gz,
PR03549,PRB0253,EHI02983,EHI02983,AKE16E1L1I1,AKE16E1L1I1,AKE16,,4.90,Calotriton asper,G0047,G0047,Pleurodeles waltl,Other,1,EHI02983G1,EHI02983M1,3549,03549,32644272,30984062,4896640800,4513926264,5105771,174408927,316032,4452922700,61003564,5%,8%,0.078,4%,1%,1.0%,11.55,3656753,6.99,0.10,271,AKE16E1L1I1,,,,,,,Calotriton asper,,2024-08-22,EHI02983_G.bam,EHI02983_M_1.fq.gz,EHI02983_M_2.fq.gz,,43,-1.17,,"43,-1.17",2.0,Nafarroa,Skin swab: dorsal,514468521.0,EHA04847,,1,44,0.6406,0.6656,2226414047,0.9927,1434741658957,19.8517,0.16,,0.155%,44,1,Assembly + MAGs,https://sid.erda.dk/share_redirect/BaMZodj9sA/PPR/PRB0253/EHI02983_G.bam,Male,Urodela,Amphibia,Spain,SD0383001,SD0383001,ABB0584,,https://sid.erda.dk/share_redirect/BaMZodj9sA/PPR/PRB0253/EHI02983_M_1.fq.gz,https://sid.erda.dk/share_redirect/BaMZodj9sA/PPR/PRB0253/EHI02983_M_2.fq.gz,https://sid.erda.dk/share_redirect/BaMZodj9sA/PPR/PRB0253/EHI02983_G.bam,0,1,Garazi Martin,https://ftp.ncbi.nlm.nih.gov/genomes/all/GCA/026/652/325/GCA_026652325.1_ASM2665232v1/GCA_026652325.1_ASM2665232v1_genomic.fna.gz,
PR03550,PRB0253,EHI02958,EHI02958,AKE19E1L1I1,AKE19E1L1I1,AKE19,,3.31,Calotriton asper,G0047,G0047,Pleurodeles waltl,Other,1,EHI02958G1,EHI02958M1,3550,03550,22073510,20709892,3311026500,3014316745,3860461,142993076,181629,2979252221,35064524,6%,9%,0.090,4%,1%,0.9%,20.63,4742078,4.40,0.17,265,AKE19E1L1I1,,,,,,,Calotriton asper,,2024-08-22,EHI02958_G.bam,EHI02958_M_1.fq.gz,EHI02958_M_2.fq.gz,,43.14,-1.91,,"43.14,-1.91",1.7,Gipuzkoa,Skin swab: ventral,614668126.0,EHA04848,,1,44,0.6107,0.6371,1489592252,0.9947,763882433481,19.6989,0.15,,0.195%,44,1,Assembly + MAGs,https://sid.erda.dk/share_redirect/BaMZodj9sA/PPR/PRB0253/EHI02958_G.bam,Male,Urodela,Amphibia,Spain,SD0385501,SD0385501,ABB0584,,https://sid.erda.dk/share_redirect/BaMZodj9sA/PPR/PRB0253/EHI02958_M_1.fq.gz,https://sid.erda.dk/share_redirect/BaMZodj9sA/PPR/PRB0253/EHI02958_M_2.fq.gz,https://sid.erda.dk/share_redirect/BaMZodj9sA/PPR/PRB0253/EHI02958_G.bam,0,1,Garazi Martin,https://ftp.ncbi.nlm.nih.gov/genomes/all/GCA/026/652/325/GCA_026652325.1_ASM2665232v1/GCA_026652325.1_ASM2665232v1_genomic.fna.gz,
PR03551,PRB0253,EHI02979,EHI02979,AKE09E1L1I1,AKE09E1L1I1,AKE09,,6.87,Calotriton asper,G0047,G0047,Pleurodeles waltl,Other,1,EHI02979G1,EHI02979M1,3551,03551,45813702,43898960,6872055300,6390360743,7465475,256745652,512990,6292723350,97637393,4%,7%,0.070,4%,2%,1.2%,3.60,3715330,11.36,0.09,266,AKE09E1L1I1,,,,,,,Calotriton asper,,2024-08-22,EHI02979_G.bam,EHI02979_M_1.fq.gz,EHI02979_M_2.fq.gz,,43.03,-1.18,,"43.03,-1.18",4.3,Nafarroa,Skin swab: ventral,226783765.0,EHA04849,,1,44,0.6321,0.6575,3146296208,0.9942,8382764171824,19.7974,0.14,,0.038%,44,1,Assembly + MAGs,https://sid.erda.dk/share_redirect/BaMZodj9sA/PPR/PRB0253/EHI02979_G.bam,Male,Urodela,Amphibia,Spain,SD0385101,SD0385101,ABB0584,,https://sid.erda.dk/share_redirect/BaMZodj9sA/PPR/PRB0253/EHI02979_M_1.fq.gz,https://sid.erda.dk/share_redirect/BaMZodj9sA/PPR/PRB0253/EHI02979_M_2.fq.gz,https://sid.erda.dk/share_redirect/BaMZodj9sA/PPR/PRB0253/EHI02979_G.bam,0,1,Garazi Martin,https://ftp.ncbi.nlm.nih.gov/genomes/all/GCA/026/652/325/GCA_026652325.1_ASM2665232v1/GCA_026652325.1_ASM2665232v1_genomic.fna.gz,
PR03552,PRB0253,EHI02980,EHI02980,AKE12E1L1I1,AKE12E1L1I1,AKE12,,4.54,Calotriton asper,G0047,G0047,Pleurodeles waltl,Other,1,EHI02980G1,EHI02980M1,3552,03552,30283882,29084940,4542582300,4223660418,5053097,164292357,313460,4163772604,59887814,4%,7%,0.070,4%,1%,1.1%,6.35,3696988,22.27,0.04,267,AKE12E1L1I1,,,,,,,Calotriton asper,,2024-08-22,EHI02980_G.bam,EHI02980_M_1.fq.gz,EHI02980_M_2.fq.gz,,43.14,-1.91,,"43.14,-1.91",3.7,Gipuzkoa,Skin swab: dorsal,264223752.0,EHA04850,,1,44,0.5212,0.5512,2081846697,0.9972,23972707479057,20.2770,0.07,,0.009%,44,1,Assembly + MAGs,https://sid.erda.dk/share_redirect/BaMZodj9sA/PPR/PRB0253/EHI02980_G.bam,Male,Urodela,Amphibia,Spain,SD0385401,SD0385401,ABB0584,,https://sid.erda.dk/share_redirect/BaMZodj9sA/PPR/PRB0253/EHI02980_M_1.fq.gz,https://sid.erda.dk/share_redirect/BaMZodj9sA/PPR/PRB0253/EHI02980_M_2.fq.gz,https://sid.erda.dk/share_redirect/BaMZodj9sA/PPR/PRB0253/EHI02980_G.bam,0,1,Garazi Martin,https://ftp.ncbi.nlm.nih.gov/genomes/all/GCA/026/652/325/GCA_026652325.1_ASM2665232v1/GCA_026652325.1_ASM2665232v1_genomic.fna.gz,
PR03553,PRB0253,EHI02965,EHI02965,AKD98E1L1I1,AKD98E1L1I1,AKD98,,2.94,Calotriton asper,G0047,G0047,Pleurodeles waltl,Other,1,EHI02965G1,EHI02965M1,3553,03553,19580044,18452944,2937006600,2690746394,3209604,113475223,108579,2669862719,20883675,6%,8%,0.084,4%,1%,0.6%,35.06,3299320,3.27,0.26,273,AKD98E1L1I1,,,,,,,Calotriton asper,,2024-08-22,EHI02965_G.bam,EHI02965_M_1.fq.gz,EHI02965_M_2.fq.gz,,43,-1.17,,"43,-1.17",2.6,Nafarroa,Skin swab: dorsal,935984218.0,EHA04851,,1,44,0.6948,0.7169,1334900762,0.9979,60930069724,19.1844,0.16,,2.191%,44,1,Assembly + MAGs,https://sid.erda.dk/share_redirect/BaMZodj9sA/PPR/PRB0253/EHI02965_G.bam,Male,Urodela,Amphibia,Spain,SD0383501,SD0383501,ABB0584,,https://sid.erda.dk/share_redirect/BaMZodj9sA/PPR/PRB0253/EHI02965_M_1.fq.gz,https://sid.erda.dk/share_redirect/BaMZodj9sA/PPR/PRB0253/EHI02965_M_2.fq.gz,https://sid.erda.dk/share_redirect/BaMZodj9sA/PPR/PRB0253/EHI02965_G.bam,0,1,Garazi Martin,https://ftp.ncbi.nlm.nih.gov/genomes/all/GCA/026/652/325/GCA_026652325.1_ASM2665232v1/GCA_026652325.1_ASM2665232v1_genomic.fna.gz,
PR03554,PRB0253,EHI02972,EHI02972,AKE11E1L1I1,AKE11E1L1I1,AKE11,,3.20,Calotriton asper,G0047,G0047,Pleurodeles waltl,Other,1,EHI02972G1,EHI02972M1,3554,03554,21365234,20336472,3204785100,2959033805,3313188,110880447,242377,2912009096,47024709,5%,8%,0.077,3%,2%,1.2%,0.30,3640969,9.07,0.04,257,AKE11E1L1I1,,,,,,,Calotriton asper,,2024-08-22,EHI02972_G.bam,EHI02972_M_1.fq.gz,EHI02972_M_2.fq.gz,,43.14,-1.91,,"43.14,-1.91",10.6,Gipuzkoa,Skin swab: ventral,8738325.0,EHA04852,,1,44,0.4848,0.5159,1455970159,0.9984,35390456964094,20.0519,0.05,,0.004%,44,1,Assembly + MAGs,https://sid.erda.dk/share_redirect/BaMZodj9sA/PPR/PRB0253/EHI02972_G.bam,Male,Urodela,Amphibia,Spain,SD0385301,SD0385301,ABB0584,,https://sid.erda.dk/share_redirect/BaMZodj9sA/PPR/PRB0253/EHI02972_M_1.fq.gz,https://sid.erda.dk/share_redirect/BaMZodj9sA/PPR/PRB0253/EHI02972_M_2.fq.gz,https://sid.erda.dk/share_redirect/BaMZodj9sA/PPR/PRB0253/EHI02972_G.bam,0,1,Garazi Martin,https://ftp.ncbi.nlm.nih.gov/genomes/all/GCA/026/652/325/GCA_026652325.1_ASM2665232v1/GCA_026652325.1_ASM2665232v1_genomic.fna.gz,
PR03555,PRB0253,EHI02973,EHI02973,AKE04E1L1I1,AKE04E1L1I1,AKE04,,3.63,Calotriton asper,G0047,G0047,Pleurodeles waltl,Other,1,EHI02973G1,EHI02973M1,3555,03555,24183138,23346562,3627470700,3398524319,3733853,120744411,217310,3356802069,41722250,3%,6%,0.063,3%,1%,0.9%,16.59,3817264,5.19,0.05,258,AKE04E1L1I1,,,,,,,Calotriton asper,,2024-08-22,EHI02973_G.bam,EHI02973_M_1.fq.gz,EHI02973_M_2.fq.gz,,43,-1.17,,"43,-1.17",6.0,Nafarroa,Skin swab: dorsal,556900579.0,EHA04853,,1,44,0.4926,0.5235,1678361793,0.9978,8114216562709,20.5755,0.05,,0.021%,44,1,Assembly + MAGs,https://sid.erda.dk/share_redirect/BaMZodj9sA/PPR/PRB0253/EHI02973_G.bam,Male,Urodela,Amphibia,Spain,SD0382901,SD0382901,ABB0584,,https://sid.erda.dk/share_redirect/BaMZodj9sA/PPR/PRB0253/EHI02973_M_1.fq.gz,https://sid.erda.dk/share_redirect/BaMZodj9sA/PPR/PRB0253/EHI02973_M_2.fq.gz,https://sid.erda.dk/share_redirect/BaMZodj9sA/PPR/PRB0253/EHI02973_G.bam,0,1,Garazi Martin,https://ftp.ncbi.nlm.nih.gov/genomes/all/GCA/026/652/325/GCA_026652325.1_ASM2665232v1/GCA_026652325.1_ASM2665232v1_genomic.fna.gz,
PR03556,PRB0253,EHI02974,EHI02974,AKD92E1L1I1,AKD92E1L1I1,AKD92,,6.26,Calotriton asper,G0047,G0047,Pleurodeles waltl,Other,1,EHI02974G1,EHI02974M1,3556,03556,41732122,40062226,6259818300,5829104528,6455859,212635359,460450,5739695068,89409460,4%,7%,0.069,3%,2%,1.1%,1.55,4068082,12.80,0.03,259,AKD92E1L1I1,,,,,,,Calotriton asper,,2024-08-22,EHI02974_G.bam,EHI02974_M_1.fq.gz,EHI02974_M_2.fq.gz,,43.14,-1.91,,"43.14,-1.91",14.4,Gipuzkoa,Skin swab: dorsal,89213042.0,EHA04854,,1,44,0.5186,0.5486,2869787918,0.9969,51170768658127,20.3182,0.05,,0.006%,44,1,Assembly + MAGs,https://sid.erda.dk/share_redirect/BaMZodj9sA/PPR/PRB0253/EHI02974_G.bam,Male,Urodela,Amphibia,Spain,SD0385701,SD0385701,ABB0584,,https://sid.erda.dk/share_redirect/BaMZodj9sA/PPR/PRB0253/EHI02974_M_1.fq.gz,https://sid.erda.dk/share_redirect/BaMZodj9sA/PPR/PRB0253/EHI02974_M_2.fq.gz,https://sid.erda.dk/share_redirect/BaMZodj9sA/PPR/PRB0253/EHI02974_G.bam,0,1,Garazi Martin,https://ftp.ncbi.nlm.nih.gov/genomes/all/GCA/026/652/325/GCA_026652325.1_ASM2665232v1/GCA_026652325.1_ASM2665232v1_genomic.fna.gz,
PR03557,PRB0253,EHI02975,EHI02975,AKE03E1L1I1,AKE03E1L1I1,AKE03,,3.60,Calotriton asper,G0047,G0047,Pleurodeles waltl,Other,1,EHI02975G1,EHI02975M1,3557,03557,24005810,22841872,3600871500,3307083234,4420024,149980635,253098,3259362869,47720365,5%,8%,0.082,4%,1%,1.1%,5.86,4258013,13.75,0.03,261,AKE03E1L1I1,,,,,,,Calotriton asper,,2024-08-22,EHI02975_G.bam,EHI02975_M_1.fq.gz,EHI02975_M_2.fq.gz,,43.16,-1.91,,"43.16,-1.91",3.7,Nafarroa,Skin swab: ventral,190971862.0,EHA04855,,1,44,0.5119,0.5422,1629625766,0.9976,15541224308877,20.2485,0.08,,0.01%,44,1,Assembly + MAGs,https://sid.erda.dk/share_redirect/BaMZodj9sA/PPR/PRB0253/EHI02975_G.bam,Male,Urodela,Amphibia,Spain,SD0384201,SD0384201,ABB0584,,https://sid.erda.dk/share_redirect/BaMZodj9sA/PPR/PRB0253/EHI02975_M_1.fq.gz,https://sid.erda.dk/share_redirect/BaMZodj9sA/PPR/PRB0253/EHI02975_M_2.fq.gz,https://sid.erda.dk/share_redirect/BaMZodj9sA/PPR/PRB0253/EHI02975_G.bam,0,1,Garazi Martin,https://ftp.ncbi.nlm.nih.gov/genomes/all/GCA/026/652/325/GCA_026652325.1_ASM2665232v1/GCA_026652325.1_ASM2665232v1_genomic.fna.gz,
PR03558,PRB0253,EHI02984,EHI02984,AKD90E1L1I1,AKD90E1L1I1,AKD90,,3.29,Calotriton asper,G0047,G0047,Pleurodeles waltl,Other,1,EHI02984G1,EHI02984M1,3558,03558,21903656,19946524,3285548400,2898880300,4553875,183006087,112075,2877850659,21029641,9%,12%,0.118,6%,1%,0.6%,45.55,4140068,1.71,0.58,274,AKD90E1L1I1,,,,,,,Calotriton asper,,2024-08-22,EHI02984_G.bam,EHI02984_M_1.fq.gz,EHI02984_M_2.fq.gz,,43,-1.17,,"43,-1.17",1.3,Nafarroa,Skin swab: dorsal,1310787007.0,EHA04856,,1,44,0.7662,0.7839,1438888883,0.9966,18828355748,19.1804,0.27,,7.642%,44,1,Assembly + MAGs,https://sid.erda.dk/share_redirect/BaMZodj9sA/PPR/PRB0253/EHI02984_G.bam,Male,Urodela,Amphibia,Spain,SD0383301,SD0383301,ABB0584,,https://sid.erda.dk/share_redirect/BaMZodj9sA/PPR/PRB0253/EHI02984_M_1.fq.gz,https://sid.erda.dk/share_redirect/BaMZodj9sA/PPR/PRB0253/EHI02984_M_2.fq.gz,https://sid.erda.dk/share_redirect/BaMZodj9sA/PPR/PRB0253/EHI02984_G.bam,0,1,Garazi Martin,https://ftp.ncbi.nlm.nih.gov/genomes/all/GCA/026/652/325/GCA_026652325.1_ASM2665232v1/GCA_026652325.1_ASM2665232v1_genomic.fna.gz,
PR03559,PRB0253,EHI02985,EHI02985,AKD94E1L1I1,AKD94E1L1I1,AKD94,,3.37,Calotriton asper,G0047,G0047,Pleurodeles waltl,Other,1,EHI02985G1,EHI02985M1,3559,03559,22478060,21731080,3371709000,3160451573,3708085,121936384,177034,3126497672,33953901,3%,6%,0.063,4%,1%,0.8%,12.73,3302270,1.91,0.09,275,AKD94E1L1I1,,,,,,,Calotriton asper,,2024-08-22,EHI02985_G.bam,EHI02985_M_1.fq.gz,EHI02985_M_2.fq.gz,,43.16,-1.91,,"43.16,-1.91",0.0,Nafarroa,Skin swab: dorsal,397989623.0,EHA04857,,1,44,0.8079,0.8228,1563212872,0.9919,27511487040,18.8668,0.32,,5.682%,44,1,Assembly + MAGs,https://sid.erda.dk/share_redirect/BaMZodj9sA/PPR/PRB0253/EHI02985_G.bam,Male,Urodela,Amphibia,Spain,SD0383801,SD0383801,ABB0584,,https://sid.erda.dk/share_redirect/BaMZodj9sA/PPR/PRB0253/EHI02985_M_1.fq.gz,https://sid.erda.dk/share_redirect/BaMZodj9sA/PPR/PRB0253/EHI02985_M_2.fq.gz,https://sid.erda.dk/share_redirect/BaMZodj9sA/PPR/PRB0253/EHI02985_G.bam,0,1,Garazi Martin,https://ftp.ncbi.nlm.nih.gov/genomes/all/GCA/026/652/325/GCA_026652325.1_ASM2665232v1/GCA_026652325.1_ASM2665232v1_genomic.fna.gz,
PR03560,PRB0253,EHI02986,EHI02986,AKE07E1L1I1,AKE07E1L1I1,AKE07,,5.16,Calotriton asper,G0047,G0047,Pleurodeles waltl,Other,1,EHI02986G1,EHI02986M1,3560,03560,34410486,32440654,5161572900,4731192829,5505006,206346876,315260,4669812935,61379894,6%,8%,0.083,4%,1%,1.0%,12.25,3720311,11.63,0.12,262,AKE07E1L1I1,,,,,,,Calotriton asper,,2024-08-22,EHI02986_G.bam,EHI02986_M_1.fq.gz,EHI02986_M_2.fq.gz,,43.16,-1.91,,"43.16,-1.91",5.4,Nafarroa,Skin swab: ventral,572183762.0,EHA04858,,1,44,0.5896,0.6169,2334845075,0.9956,3210911310626,20.1331,0.11,,0.073%,44,1,Assembly + MAGs,https://sid.erda.dk/share_redirect/BaMZodj9sA/PPR/PRB0253/EHI02986_G.bam,Male,Urodela,Amphibia,Spain,SD0384001,SD0384001,ABB0584,,https://sid.erda.dk/share_redirect/BaMZodj9sA/PPR/PRB0253/EHI02986_M_1.fq.gz,https://sid.erda.dk/share_redirect/BaMZodj9sA/PPR/PRB0253/EHI02986_M_2.fq.gz,https://sid.erda.dk/share_redirect/BaMZodj9sA/PPR/PRB0253/EHI02986_G.bam,0,1,Garazi Martin,https://ftp.ncbi.nlm.nih.gov/genomes/all/GCA/026/652/325/GCA_026652325.1_ASM2665232v1/GCA_026652325.1_ASM2665232v1_genomic.fna.gz,
PR03561,PRB0253,EHI02987,EHI02987,AKD95E1L1I1,AKD95E1L1I1,AKD95,,2.98,Calotriton asper,G0047,G0047,Pleurodeles waltl,Other,1,EHI02987G1,EHI02987M1,3561,03561,19882750,18798020,2982412500,2737362757,3287386,107696246,51477,2727527671,9835086,5%,8%,0.082,4%,0%,0.3%,55.57,3867903,1.83,0.22,278,AKD95E1L1I1,,,,,,,Calotriton asper,,2024-08-22,EHI02987_G.bam,EHI02987_M_1.fq.gz,EHI02987_M_2.fq.gz,,43.16,-1.91,,"43.16,-1.91",0.0,Nafarroa,Skin swab: ventral,1515637835.0,EHA04859,,1,44,0.8226,0.8365,1363726839,0.9987,7621340624,18.8890,0.29,,17.894%,44,1,Assembly + MAGs,https://sid.erda.dk/share_redirect/BaMZodj9sA/PPR/PRB0253/EHI02987_G.bam,Male,Urodela,Amphibia,Spain,SD0383801,SD0383801,ABB0584,,https://sid.erda.dk/share_redirect/BaMZodj9sA/PPR/PRB0253/EHI02987_M_1.fq.gz,https://sid.erda.dk/share_redirect/BaMZodj9sA/PPR/PRB0253/EHI02987_M_2.fq.gz,https://sid.erda.dk/share_redirect/BaMZodj9sA/PPR/PRB0253/EHI02987_G.bam,0,1,Garazi Martin,https://ftp.ncbi.nlm.nih.gov/genomes/all/GCA/026/652/325/GCA_026652325.1_ASM2665232v1/GCA_026652325.1_ASM2665232v1_genomic.fna.gz,
PR03562,PRB0253,EHI02988,EHI02988,AKE08E1L1I1,AKE08E1L1I1,AKE08,,5.40,Calotriton asper,G0047,G0047,Pleurodeles waltl,Other,1,EHI02988G1,EHI02988M1,3562,03562,36021922,34521662,5403288300,5033895367,5527931,177648601,396609,4957855509,76039858,4%,7%,0.068,3%,2%,1.1%,5.77,3363543,15.86,0.03,260,AKE08E1L1I1,,,,,,,Calotriton asper,,2024-08-22,EHI02988_G.bam,EHI02988_M_1.fq.gz,EHI02988_M_2.fq.gz,,43.03,-1.18,,"43.03,-1.18",2.6,Nafarroa,Skin swab: dorsal,286237547.0,EHA04860,,1,44,0.5603,0.5888,2478872987,0.9969,10581051314568,20.1866,0.09,,0.023%,44,1,Assembly + MAGs,https://sid.erda.dk/share_redirect/BaMZodj9sA/PPR/PRB0253/EHI02988_G.bam,Male,Urodela,Amphibia,Spain,SD0385101,SD0385101,ABB0584,,https://sid.erda.dk/share_redirect/BaMZodj9sA/PPR/PRB0253/EHI02988_M_1.fq.gz,https://sid.erda.dk/share_redirect/BaMZodj9sA/PPR/PRB0253/EHI02988_M_2.fq.gz,https://sid.erda.dk/share_redirect/BaMZodj9sA/PPR/PRB0253/EHI02988_G.bam,0,1,Garazi Martin,https://ftp.ncbi.nlm.nih.gov/genomes/all/GCA/026/652/325/GCA_026652325.1_ASM2665232v1/GCA_026652325.1_ASM2665232v1_genomic.fna.gz,
PR03563,PRB0253,EHI02989,EHI02989,AKE01E1L1I1,AKE01E1L1I1,AKE01,,3.89,Calotriton asper,G0047,G0047,Pleurodeles waltl,Other,1,EHI02989G1,EHI02989M1,3563,03563,25926536,24753224,3888980400,3591519307,4490245,151543065,293579,3535443847,56075460,5%,8%,0.076,4%,2%,1.2%,0.63,3710277,11.17,0.07,264,AKE01E1L1I1,,,,,,,Calotriton asper,,2024-08-22,EHI02989_G.bam,EHI02989_M_1.fq.gz,EHI02989_M_2.fq.gz,,43.16,-1.91,,"43.16,-1.91",6.2,Nafarroa,Skin swab: ventral,22150356.0,EHA04861,,1,44,0.5462,0.5753,1767680894,0.9978,14746462435967,19.8160,0.09,,0.012%,44,1,Assembly + MAGs,https://sid.erda.dk/share_redirect/BaMZodj9sA/PPR/PRB0253/EHI02989_G.bam,Male,Urodela,Amphibia,Spain,SD0383701,SD0383701,ABB0584,,https://sid.erda.dk/share_redirect/BaMZodj9sA/PPR/PRB0253/EHI02989_M_1.fq.gz,https://sid.erda.dk/share_redirect/BaMZodj9sA/PPR/PRB0253/EHI02989_M_2.fq.gz,https://sid.erda.dk/share_redirect/BaMZodj9sA/PPR/PRB0253/EHI02989_G.bam,0,1,Garazi Martin,https://ftp.ncbi.nlm.nih.gov/genomes/all/GCA/026/652/325/GCA_026652325.1_ASM2665232v1/GCA_026652325.1_ASM2665232v1_genomic.fna.gz,
PR03564,PRB0253,EHI02976,EHI02976,AKE06E1L1I1,AKE06E1L1I1,AKE06,,6.10,Calotriton asper,G0047,G0047,Pleurodeles waltl,Other,1,EHI02976G1,EHI02976M1,3564,03564,40679796,39573812,6101969400,5736442674,6916819,224569974,412996,5658229014,78213660,3%,6%,0.060,4%,1%,1.0%,9.87,3746341,7.91,0.04,263,AKE06E1L1I1,,,,,,,Calotriton asper,,2024-08-22,EHI02976_G.bam,EHI02976_M_1.fq.gz,EHI02976_M_2.fq.gz,,43.16,-1.91,,"43.16,-1.91",7.0,Nafarroa,Skin swab: dorsal,558616923.0,EHA04862,,1,44,0.6228,0.6486,2829026945,0.9947,2656684625854,20.0644,0.13,,0.106%,44,1,Assembly + MAGs,https://sid.erda.dk/share_redirect/BaMZodj9sA/PPR/PRB0253/EHI02976_G.bam,Male,Urodela,Amphibia,Spain,SD0384001,SD0384001,ABB0584,,https://sid.erda.dk/share_redirect/BaMZodj9sA/PPR/PRB0253/EHI02976_M_1.fq.gz,https://sid.erda.dk/share_redirect/BaMZodj9sA/PPR/PRB0253/EHI02976_M_2.fq.gz,https://sid.erda.dk/share_redirect/BaMZodj9sA/PPR/PRB0253/EHI02976_G.bam,0,1,Garazi Martin,https://ftp.ncbi.nlm.nih.gov/genomes/all/GCA/026/652/325/GCA_026652325.1_ASM2665232v1/GCA_026652325.1_ASM2665232v1_genomic.fna.gz,
PR03565,PRB0253,EHI02977,EHI02977,AKE22E1L1I1,AKE22E1L1I1,AKE22,,3.15,Calotriton asper,G0047,G0047,Pleurodeles waltl,Other,1,EHI02977G1,EHI02977M1,3565,03565,21011610,20164342,3151741500,2933720317,3200186,117744471,215737,2891500126,42220191,4%,7%,0.069,4%,1%,1.1%,4.78,3856142,2.15,0.15,280,AKE22E1L1I1,,,,,,,Calotriton asper,,2024-08-22,EHI02977_G.bam,EHI02977_M_1.fq.gz,EHI02977_M_2.fq.gz,,43.16,-1.91,,"43.16,-1.91",0.0,Nafarroa,Skin swab: dorsal,138088434.0,EHA04863,,1,44,0.7555,0.7739,1445719698,0.9893,172994384347,18.8145,0.26,,0.836%,44,1,Assembly + MAGs,https://sid.erda.dk/share_redirect/BaMZodj9sA/PPR/PRB0253/EHI02977_G.bam,Male,Urodela,Amphibia,Spain,SD0384401,SD0384401,ABB0584,,https://sid.erda.dk/share_redirect/BaMZodj9sA/PPR/PRB0253/EHI02977_M_1.fq.gz,https://sid.erda.dk/share_redirect/BaMZodj9sA/PPR/PRB0253/EHI02977_M_2.fq.gz,https://sid.erda.dk/share_redirect/BaMZodj9sA/PPR/PRB0253/EHI02977_G.bam,0,1,Garazi Martin,https://ftp.ncbi.nlm.nih.gov/genomes/all/GCA/026/652/325/GCA_026652325.1_ASM2665232v1/GCA_026652325.1_ASM2665232v1_genomic.fna.gz,
PR03566,PRB0253,EHI02978,EHI02978,AKE00E1L1I1,AKE00E1L1I1,AKE00,,3.91,Calotriton asper,G0047,G0047,Pleurodeles waltl,Other,1,EHI02978G1,EHI02978M1,3566,03566,26034376,25009592,3905156400,3646632268,3733262,129571294,258559,3596112239,50520029,4%,7%,0.066,3%,1%,1.0%,7.70,4079476,1.27,0.08,279,AKE00E1L1I1,,,,,,,Calotriton asper,,2024-08-22,EHI02978_G.bam,EHI02978_M_1.fq.gz,EHI02978_M_2.fq.gz,,43.16,-1.91,,"43.16,-1.91",0.0,Nafarroa,Skin swab: dorsal,276955598.0,EHA04864,,1,44,0.8104,0.8251,1798017536,0.9890,67245110580,18.8158,0.32,,2.674%,44,1,Assembly + MAGs,https://sid.erda.dk/share_redirect/BaMZodj9sA/PPR/PRB0253/EHI02978_G.bam,Male,Urodela,Amphibia,Spain,SD0383701,SD0383701,ABB0584,,https://sid.erda.dk/share_redirect/BaMZodj9sA/PPR/PRB0253/EHI02978_M_1.fq.gz,https://sid.erda.dk/share_redirect/BaMZodj9sA/PPR/PRB0253/EHI02978_M_2.fq.gz,https://sid.erda.dk/share_redirect/BaMZodj9sA/PPR/PRB0253/EHI02978_G.bam,0,1,Garazi Martin,https://ftp.ncbi.nlm.nih.gov/genomes/all/GCA/026/652/325/GCA_026652325.1_ASM2665232v1/GCA_026652325.1_ASM2665232v1_genomic.fna.gz,